series,order,suborder,family,genus,genus.species
Carangaria,Carangiformes,Carangiformes suborder,Carangidae,Alectis,Alectis alexandrina
Carangaria,Carangiformes,Carangiformes suborder,Carangidae,Alectis,Alectis ciliaris
Carangaria,Carangiformes,Carangiformes suborder,Carangidae,Alectis,Alectis indica
Carangaria,Carangiformes,Carangiformes suborder,Carangidae,Alepes,Alepes apercna
Carangaria,Carangiformes,Carangiformes suborder,Carangidae,Alepes,Alepes djedaba
Carangaria,Carangiformes,Carangiformes suborder,Carangidae,Alepes,Alepes kleinii
Carangaria,Carangiformes,Carangiformes suborder,Carangidae,Alepes,Alepes melanoptera
Carangaria,Carangiformes,Carangiformes suborder,Carangidae,Alepes,Alepes vari
Carangaria,Carangiformes,Carangiformes suborder,Carangidae,Atropus,Atropus atropos
Carangaria,Carangiformes,Carangiformes suborder,Carangidae,Atule,Atule mate
Carangaria,Carangiformes,Carangiformes suborder,Carangidae,Campogramma,Campogramma glaycos
Carangaria,Carangiformes,Carangiformes suborder,Carangidae,Carangoides,Carangoides armatus
Carangaria,Carangiformes,Carangiformes suborder,Carangidae,Carangoides,Carangoides bajad
Carangaria,Carangiformes,Carangiformes suborder,Carangidae,Carangoides,Carangoides bartholomaei
Carangaria,Carangiformes,Carangiformes suborder,Carangidae,Carangoides,Carangoides chrysophrys
Carangaria,Carangiformes,Carangiformes suborder,Carangidae,Carangoides,Carangoides ciliarius
Carangaria,Carangiformes,Carangiformes suborder,Carangidae,Carangoides,Carangoides coeruleopinnatus
Carangaria,Carangiformes,Carangiformes suborder,Carangidae,Carangoides,Carangoides dinema
Carangaria,Carangiformes,Carangiformes suborder,Carangidae,Carangoides,Carangoides equula
Carangaria,Carangiformes,Carangiformes suborder,Carangidae,Carangoides,Carangoides ferdau
Carangaria,Carangiformes,Carangiformes suborder,Carangidae,Carangoides,Carangoides fulvoguttatus
Carangaria,Carangiformes,Carangiformes suborder,Carangidae,Carangoides,Carangoides gymnostethus
Carangaria,Carangiformes,Carangiformes suborder,Carangidae,Carangoides,Carangoides hedlandensis
Carangaria,Carangiformes,Carangiformes suborder,Carangidae,Carangoides,Carangoides humerosus
Carangaria,Carangiformes,Carangiformes suborder,Carangidae,Carangoides,Carangoides malabaricus
Carangaria,Carangiformes,Carangiformes suborder,Carangidae,Carangoides,Carangoides oblongus
Carangaria,Carangiformes,Carangiformes suborder,Carangidae,Carangoides,Carangoides orthogrammus
Carangaria,Carangiformes,Carangiformes suborder,Carangidae,Carangoides,Carangoides otrynter
Carangaria,Carangiformes,Carangiformes suborder,Carangidae,Carangoides,Carangoides plagiotaenia
Carangaria,Carangiformes,Carangiformes suborder,Carangidae,Carangoides,Carangoides praeustus
Carangaria,Carangiformes,Carangiformes suborder,Carangidae,Carangoides,Carangoides talamparoides
Carangaria,Carangiformes,Carangiformes suborder,Carangidae,Caranx,Caranx bucculentus
Carangaria,Carangiformes,Carangiformes suborder,Carangidae,Caranx,Caranx caballus
Carangaria,Carangiformes,Carangiformes suborder,Carangidae,Caranx,Caranx caninus
Carangaria,Carangiformes,Carangiformes suborder,Carangidae,Caranx,Caranx crysos
Carangaria,Carangiformes,Carangiformes suborder,Carangidae,Caranx,Caranx fischeri
Carangaria,Carangiformes,Carangiformes suborder,Carangidae,Caranx,Caranx heberi
Carangaria,Carangiformes,Carangiformes suborder,Carangidae,Caranx,Caranx hippos
Carangaria,Carangiformes,Carangiformes suborder,Carangidae,Caranx,Caranx ignobilis
Carangaria,Carangiformes,Carangiformes suborder,Carangidae,Caranx,Caranx latus
Carangaria,Carangiformes,Carangiformes suborder,Carangidae,Caranx,Caranx lugubris
Carangaria,Carangiformes,Carangiformes suborder,Carangidae,Caranx,Caranx melampygus
Carangaria,Carangiformes,Carangiformes suborder,Carangidae,Caranx,Caranx papuensis
Carangaria,Carangiformes,Carangiformes suborder,Carangidae,Caranx,Caranx rhonchus
Carangaria,Carangiformes,Carangiformes suborder,Carangidae,Caranx,Caranx ruber
Carangaria,Carangiformes,Carangiformes suborder,Carangidae,Caranx,Caranx senegallus
Carangaria,Carangiformes,Carangiformes suborder,Carangidae,Caranx,Caranx sexfasciatus
Carangaria,Carangiformes,Carangiformes suborder,Carangidae,Caranx,Caranx tille
Carangaria,Carangiformes,Carangiformes suborder,Carangidae,Caranx,Caranx vinctus
Carangaria,Carangiformes,Carangiformes suborder,Carangidae,Chloroscombrus,Chloroscombrus chrysurus
Carangaria,Carangiformes,Carangiformes suborder,Carangidae,Chloroscombrus,Chloroscombrus orqueta
Carangaria,Carangiformes,Carangiformes suborder,Carangidae,Decapterus,Decapterus akaadsi
Carangaria,Carangiformes,Carangiformes suborder,Carangidae,Decapterus,Decapterus koheru
Carangaria,Carangiformes,Carangiformes suborder,Carangidae,Decapterus,Decapterus kurroides
Carangaria,Carangiformes,Carangiformes suborder,Carangidae,Decapterus,Decapterus macarellus
Carangaria,Carangiformes,Carangiformes suborder,Carangidae,Decapterus,Decapterus macrosoma
Carangaria,Carangiformes,Carangiformes suborder,Carangidae,Decapterus,Decapterus maruadsi
Carangaria,Carangiformes,Carangiformes suborder,Carangidae,Decapterus,Decapterus muroadsi
Carangaria,Carangiformes,Carangiformes suborder,Carangidae,Decapterus,Decapterus punctatus
Carangaria,Carangiformes,Carangiformes suborder,Carangidae,Decapterus,Decapterus russelli
Carangaria,Carangiformes,Carangiformes suborder,Carangidae,Decapterus,Decapterus scombrinus
Carangaria,Carangiformes,Carangiformes suborder,Carangidae,Decapterus,Decapterus tabl
Carangaria,Carangiformes,Carangiformes suborder,Carangidae,Elagatis,Elagatis bipinnulata
Carangaria,Carangiformes,Carangiformes suborder,Carangidae,Gnathanodon,Gnathanodon speciosus
Carangaria,Carangiformes,Carangiformes suborder,Carangidae,Hemicaranx,Hemicaranx amblyrhynchus
Carangaria,Carangiformes,Carangiformes suborder,Carangidae,Hemicaranx,Hemicaranx bicolor
Carangaria,Carangiformes,Carangiformes suborder,Carangidae,Hemicaranx,Hemicaranx leucurus
Carangaria,Carangiformes,Carangiformes suborder,Carangidae,Hemicaranx,Hemicaranx zelotes
Carangaria,Carangiformes,Carangiformes suborder,Carangidae,Lichia,Lichia amia
Carangaria,Carangiformes,Carangiformes suborder,Carangidae,Megalaspis,Megalaspis cordyla
Carangaria,Carangiformes,Carangiformes suborder,Carangidae,Naucrates,Naucrates ductor
Carangaria,Carangiformes,Carangiformes suborder,Carangidae,Oligoplites,Oligoplites altus
Carangaria,Carangiformes,Carangiformes suborder,Carangidae,Oligoplites,Oligoplites palometa
Carangaria,Carangiformes,Carangiformes suborder,Carangidae,Oligoplites,Oligoplites refulgens
Carangaria,Carangiformes,Carangiformes suborder,Carangidae,Oligoplites,Oligoplites saliens
Carangaria,Carangiformes,Carangiformes suborder,Carangidae,Oligoplites,Oligoplites saurus
Carangaria,Carangiformes,Carangiformes suborder,Carangidae,Pantolabus,Pantolabus radiatus
Carangaria,Carangiformes,Carangiformes suborder,Carangidae,Parastromateus,Parastromateus niger
Carangaria,Carangiformes,Carangiformes suborder,Carangidae,Parona,Parona signata
Carangaria,Carangiformes,Carangiformes suborder,Carangidae,Pseudocaranx,Pseudocaranx chilensis
Carangaria,Carangiformes,Carangiformes suborder,Carangidae,Pseudocaranx,Pseudocaranx dentex
Carangaria,Carangiformes,Carangiformes suborder,Carangidae,Pseudocaranx,Pseudocaranx dinjerra
Carangaria,Carangiformes,Carangiformes suborder,Carangidae,Pseudocaranx,Pseudocaranx wrighti
Carangaria,Carangiformes,Carangiformes suborder,Carangidae,Scomberoides,Scomberoides commersonnianus
Carangaria,Carangiformes,Carangiformes suborder,Carangidae,Scomberoides,Scomberoides lysan
Carangaria,Carangiformes,Carangiformes suborder,Carangidae,Scomberoides,Scomberoides tala
Carangaria,Carangiformes,Carangiformes suborder,Carangidae,Scomberoides,Scomberoides tol
Carangaria,Carangiformes,Carangiformes suborder,Carangidae,Selar,Selar boops
Carangaria,Carangiformes,Carangiformes suborder,Carangidae,Selar,Selar crumenophthalmus
Carangaria,Carangiformes,Carangiformes suborder,Carangidae,Selaroides,Selaroides leptolepis
Carangaria,Carangiformes,Carangiformes suborder,Carangidae,Selene,Selene brevoortii
Carangaria,Carangiformes,Carangiformes suborder,Carangidae,Selene,Selene brownii
Carangaria,Carangiformes,Carangiformes suborder,Carangidae,Selene,Selene dorsalis
Carangaria,Carangiformes,Carangiformes suborder,Carangidae,Selene,Selene orstedii
Carangaria,Carangiformes,Carangiformes suborder,Carangidae,Selene,Selene peruviana
Carangaria,Carangiformes,Carangiformes suborder,Carangidae,Selene,Selene setapinnis
Carangaria,Carangiformes,Carangiformes suborder,Carangidae,Selene,Selene spixii
Carangaria,Carangiformes,Carangiformes suborder,Carangidae,Selene,Selene vomer
Carangaria,Carangiformes,Carangiformes suborder,Carangidae,Seriola,Seriola carpenteri
Carangaria,Carangiformes,Carangiformes suborder,Carangidae,Seriola,Seriola dumerili
Carangaria,Carangiformes,Carangiformes suborder,Carangidae,Seriola,Seriola fasciata
Carangaria,Carangiformes,Carangiformes suborder,Carangidae,Seriola,Seriola hippos
Carangaria,Carangiformes,Carangiformes suborder,Carangidae,Seriola,Seriola lalandi
Carangaria,Carangiformes,Carangiformes suborder,Carangidae,Seriola,Seriola peruana
Carangaria,Carangiformes,Carangiformes suborder,Carangidae,Seriola,Seriola quinqueradiata
Carangaria,Carangiformes,Carangiformes suborder,Carangidae,Seriola,Seriola rivoliana
Carangaria,Carangiformes,Carangiformes suborder,Carangidae,Seriola,Seriola zonata
Carangaria,Carangiformes,Carangiformes suborder,Carangidae,Seriolina,Seriolina nigrofasciata
Carangaria,Carangiformes,Carangiformes suborder,Carangidae,Trachinotus,Trachinotus africanus
Carangaria,Carangiformes,Carangiformes suborder,Carangidae,Trachinotus,Trachinotus anak
Carangaria,Carangiformes,Carangiformes suborder,Carangidae,Trachinotus,Trachinotus baillonii
Carangaria,Carangiformes,Carangiformes suborder,Carangidae,Trachinotus,Trachinotus blochii
Carangaria,Carangiformes,Carangiformes suborder,Carangidae,Trachinotus,Trachinotus botla
Carangaria,Carangiformes,Carangiformes suborder,Carangidae,Trachinotus,Trachinotus carolinus
Carangaria,Carangiformes,Carangiformes suborder,Carangidae,Trachinotus,Trachinotus cayennensis
Carangaria,Carangiformes,Carangiformes suborder,Carangidae,Trachinotus,Trachinotus coppingeri
Carangaria,Carangiformes,Carangiformes suborder,Carangidae,Trachinotus,Trachinotus falcatus
Carangaria,Carangiformes,Carangiformes suborder,Carangidae,Trachinotus,Trachinotus goodei
Carangaria,Carangiformes,Carangiformes suborder,Carangidae,Trachinotus,Trachinotus goreensis
Carangaria,Carangiformes,Carangiformes suborder,Carangidae,Trachinotus,Trachinotus kennedyi
Carangaria,Carangiformes,Carangiformes suborder,Carangidae,Trachinotus,Trachinotus marginatus
Carangaria,Carangiformes,Carangiformes suborder,Carangidae,Trachinotus,Trachinotus maxillosus
Carangaria,Carangiformes,Carangiformes suborder,Carangidae,Trachinotus,Trachinotus mookalee
Carangaria,Carangiformes,Carangiformes suborder,Carangidae,Trachinotus,Trachinotus ovatus
Carangaria,Carangiformes,Carangiformes suborder,Carangidae,Trachinotus,Trachinotus paitensis
Carangaria,Carangiformes,Carangiformes suborder,Carangidae,Trachinotus,Trachinotus rhodopus
Carangaria,Carangiformes,Carangiformes suborder,Carangidae,Trachinotus,Trachinotus stilbe
Carangaria,Carangiformes,Carangiformes suborder,Carangidae,Trachinotus,Trachinotus teraia
Carangaria,Carangiformes,Carangiformes suborder,Carangidae,Trachurus,Trachurus aleevi
Carangaria,Carangiformes,Carangiformes suborder,Carangidae,Trachurus,Trachurus capensis
Carangaria,Carangiformes,Carangiformes suborder,Carangidae,Trachurus,Trachurus declivis
Carangaria,Carangiformes,Carangiformes suborder,Carangidae,Trachurus,Trachurus delagoa
Carangaria,Carangiformes,Carangiformes suborder,Carangidae,Trachurus,Trachurus indicus
Carangaria,Carangiformes,Carangiformes suborder,Carangidae,Trachurus,Trachurus japonicus
Carangaria,Carangiformes,Carangiformes suborder,Carangidae,Trachurus,Trachurus lathami
Carangaria,Carangiformes,Carangiformes suborder,Carangidae,Trachurus,Trachurus longimanus
Carangaria,Carangiformes,Carangiformes suborder,Carangidae,Trachurus,Trachurus mediterraneus
Carangaria,Carangiformes,Carangiformes suborder,Carangidae,Trachurus,Trachurus murphyi
Carangaria,Carangiformes,Carangiformes suborder,Carangidae,Trachurus,Trachurus novaezelandiae
Carangaria,Carangiformes,Carangiformes suborder,Carangidae,Trachurus,Trachurus picturatus
Carangaria,Carangiformes,Carangiformes suborder,Carangidae,Trachurus,Trachurus symmetricus
Carangaria,Carangiformes,Carangiformes suborder,Carangidae,Trachurus,Trachurus trachurus
Carangaria,Carangiformes,Carangiformes suborder,Carangidae,Trachurus,Trachurus trecae
Carangaria,Carangiformes,Carangiformes suborder,Carangidae,Ulua,Ulua aurochs
Carangaria,Carangiformes,Carangiformes suborder,Carangidae,Ulua,Ulua mentalis
Carangaria,Carangiformes,Carangiformes suborder,Carangidae,Uraspis,Uraspis helvola
Carangaria,Carangiformes,Carangiformes suborder,Carangidae,Uraspis,Uraspis secunda
Carangaria,Carangiformes,Carangiformes suborder,Carangidae,Uraspis,Uraspis uraspis
Carangaria,Carangiformes,Carangiformes suborder,Coryphaenidae,Coryphaena,Coryphaena equiselis
Carangaria,Carangiformes,Carangiformes suborder,Coryphaenidae,Coryphaena,Coryphaena hippurus
Carangaria,Carangiformes,Carangiformes suborder,Echeneidae,Echeneis,Echeneis naucrates
Carangaria,Carangiformes,Carangiformes suborder,Echeneidae,Echeneis,Echeneis neucratoides
Carangaria,Carangiformes,Carangiformes suborder,Echeneidae,Phtheirichthys,Phtheirichthys lineatus
Carangaria,Carangiformes,Carangiformes suborder,Echeneidae,Remora,Remora albescens
Carangaria,Carangiformes,Carangiformes suborder,Echeneidae,Remora,Remora australis
Carangaria,Carangiformes,Carangiformes suborder,Echeneidae,Remora,Remora brachyptera
Carangaria,Carangiformes,Carangiformes suborder,Echeneidae,Remora,Remora osteochir
Carangaria,Carangiformes,Carangiformes suborder,Echeneidae,Remora,Remora remora
Carangaria,Carangiformes,Carangiformes suborder,Nematistiidae,Nematistius,Nematistius pectoralis
Carangaria,Carangiformes,Carangiformes suborder,Rachycentridae,Rachycentron,Rachycentron canadum
Carangaria,Incertae sedis in Carangaria,Incertae sedis in Carangaria suborder,Centropomidae,Centropomus,Centropomus armatus
Carangaria,Incertae sedis in Carangaria,Incertae sedis in Carangaria suborder,Centropomidae,Centropomus,Centropomus ensiferus
Carangaria,Incertae sedis in Carangaria,Incertae sedis in Carangaria suborder,Centropomidae,Centropomus,Centropomus medius
Carangaria,Incertae sedis in Carangaria,Incertae sedis in Carangaria suborder,Centropomidae,Centropomus,Centropomus mexicanus
Carangaria,Incertae sedis in Carangaria,Incertae sedis in Carangaria suborder,Centropomidae,Centropomus,Centropomus nigrescens
Carangaria,Incertae sedis in Carangaria,Incertae sedis in Carangaria suborder,Centropomidae,Centropomus,Centropomus parallelus
Carangaria,Incertae sedis in Carangaria,Incertae sedis in Carangaria suborder,Centropomidae,Centropomus,Centropomus pectinatus
Carangaria,Incertae sedis in Carangaria,Incertae sedis in Carangaria suborder,Centropomidae,Centropomus,Centropomus poeyi
Carangaria,Incertae sedis in Carangaria,Incertae sedis in Carangaria suborder,Centropomidae,Centropomus,Centropomus robalito
Carangaria,Incertae sedis in Carangaria,Incertae sedis in Carangaria suborder,Centropomidae,Centropomus,Centropomus undecimalis
Carangaria,Incertae sedis in Carangaria,Incertae sedis in Carangaria suborder,Centropomidae,Centropomus,Centropomus unionensis
Carangaria,Incertae sedis in Carangaria,Incertae sedis in Carangaria suborder,Centropomidae,Centropomus,Centropomus viridis
Carangaria,Incertae sedis in Carangaria,Incertae sedis in Carangaria suborder,Centropomidae,Hypopterus,Hypopterus macropterus
Carangaria,Incertae sedis in Carangaria,Incertae sedis in Carangaria suborder,Centropomidae,Lates,Lates angustifrons
Carangaria,Incertae sedis in Carangaria,Incertae sedis in Carangaria suborder,Centropomidae,Lates,Lates calcarifer
Carangaria,Incertae sedis in Carangaria,Incertae sedis in Carangaria suborder,Centropomidae,Lates,Lates japonicus
Carangaria,Incertae sedis in Carangaria,Incertae sedis in Carangaria suborder,Centropomidae,Lates,Lates lakdiva
Carangaria,Incertae sedis in Carangaria,Incertae sedis in Carangaria suborder,Centropomidae,Lates,Lates longispinis
Carangaria,Incertae sedis in Carangaria,Incertae sedis in Carangaria suborder,Centropomidae,Lates,Lates macrophthalmus
Carangaria,Incertae sedis in Carangaria,Incertae sedis in Carangaria suborder,Centropomidae,Lates,Lates mariae
Carangaria,Incertae sedis in Carangaria,Incertae sedis in Carangaria suborder,Centropomidae,Lates,Lates microlepis
Carangaria,Incertae sedis in Carangaria,Incertae sedis in Carangaria suborder,Centropomidae,Lates,Lates niloticus
Carangaria,Incertae sedis in Carangaria,Incertae sedis in Carangaria suborder,Centropomidae,Lates,Lates stappersii
Carangaria,Incertae sedis in Carangaria,Incertae sedis in Carangaria suborder,Centropomidae,Lates,Lates uwisara
Carangaria,Incertae sedis in Carangaria,Incertae sedis in Carangaria suborder,Centropomidae,Psammoperca,Psammoperca waigiensis
Carangaria,Incertae sedis in Carangaria,Incertae sedis in Carangaria suborder,Lactariidae,Lactarius,Lactarius lactarius
Carangaria,Incertae sedis in Carangaria,Incertae sedis in Carangaria suborder,Leptobramidae,Leptobrama,Leptobrama muelleri
Carangaria,Incertae sedis in Carangaria,Incertae sedis in Carangaria suborder,Menidae,Mene,Mene maculata
Carangaria,Incertae sedis in Carangaria,Incertae sedis in Carangaria suborder,Polynemidae,Eleutheronema,Eleutheronema rhadinum
Carangaria,Incertae sedis in Carangaria,Incertae sedis in Carangaria suborder,Polynemidae,Eleutheronema,Eleutheronema tetradactylum
Carangaria,Incertae sedis in Carangaria,Incertae sedis in Carangaria suborder,Polynemidae,Eleutheronema,Eleutheronema tridactylum
Carangaria,Incertae sedis in Carangaria,Incertae sedis in Carangaria suborder,Polynemidae,Filimanus,Filimanus heptadactyla
Carangaria,Incertae sedis in Carangaria,Incertae sedis in Carangaria suborder,Polynemidae,Filimanus,Filimanus hexanema
Carangaria,Incertae sedis in Carangaria,Incertae sedis in Carangaria suborder,Polynemidae,Filimanus,Filimanus perplexa
Carangaria,Incertae sedis in Carangaria,Incertae sedis in Carangaria suborder,Polynemidae,Filimanus,Filimanus sealei
Carangaria,Incertae sedis in Carangaria,Incertae sedis in Carangaria suborder,Polynemidae,Filimanus,Filimanus similis
Carangaria,Incertae sedis in Carangaria,Incertae sedis in Carangaria suborder,Polynemidae,Filimanus,Filimanus xanthonema
Carangaria,Incertae sedis in Carangaria,Incertae sedis in Carangaria suborder,Polynemidae,Galeoides,Galeoides decadactylus
Carangaria,Incertae sedis in Carangaria,Incertae sedis in Carangaria suborder,Polynemidae,Leptomelanosoma,Leptomelanosoma indicum
Carangaria,Incertae sedis in Carangaria,Incertae sedis in Carangaria suborder,Polynemidae,Parapolynemus,Parapolynemus verekeri
Carangaria,Incertae sedis in Carangaria,Incertae sedis in Carangaria suborder,Polynemidae,Pentanemus,Pentanemus quinquarius
Carangaria,Incertae sedis in Carangaria,Incertae sedis in Carangaria suborder,Polynemidae,Polydactylus,Polydactylus approximans
Carangaria,Incertae sedis in Carangaria,Incertae sedis in Carangaria suborder,Polynemidae,Polydactylus,Polydactylus bifurcus
Carangaria,Incertae sedis in Carangaria,Incertae sedis in Carangaria suborder,Polynemidae,Polydactylus,Polydactylus longipes
Carangaria,Incertae sedis in Carangaria,Incertae sedis in Carangaria suborder,Polynemidae,Polydactylus,Polydactylus luparensis
Carangaria,Incertae sedis in Carangaria,Incertae sedis in Carangaria suborder,Polynemidae,Polydactylus,Polydactylus macrochir
Carangaria,Incertae sedis in Carangaria,Incertae sedis in Carangaria suborder,Polynemidae,Polydactylus,Polydactylus macrophthalmus
Carangaria,Incertae sedis in Carangaria,Incertae sedis in Carangaria suborder,Polynemidae,Polydactylus,Polydactylus malagasyensis
Carangaria,Incertae sedis in Carangaria,Incertae sedis in Carangaria suborder,Polynemidae,Polydactylus,Polydactylus microstomus
Carangaria,Incertae sedis in Carangaria,Incertae sedis in Carangaria suborder,Polynemidae,Polydactylus,Polydactylus mullani
Carangaria,Incertae sedis in Carangaria,Incertae sedis in Carangaria suborder,Polynemidae,Polydactylus,Polydactylus multiradiatus
Carangaria,Incertae sedis in Carangaria,Incertae sedis in Carangaria suborder,Polynemidae,Polydactylus,Polydactylus nigripinnis
Carangaria,Incertae sedis in Carangaria,Incertae sedis in Carangaria suborder,Polynemidae,Polydactylus,Polydactylus octonemus
Carangaria,Incertae sedis in Carangaria,Incertae sedis in Carangaria suborder,Polynemidae,Polydactylus,Polydactylus oligodon
Carangaria,Incertae sedis in Carangaria,Incertae sedis in Carangaria suborder,Polynemidae,Polydactylus,Polydactylus opercularis
Carangaria,Incertae sedis in Carangaria,Incertae sedis in Carangaria suborder,Polynemidae,Polydactylus,Polydactylus persicus
Carangaria,Incertae sedis in Carangaria,Incertae sedis in Carangaria suborder,Polynemidae,Polydactylus,Polydactylus plebeius
Carangaria,Incertae sedis in Carangaria,Incertae sedis in Carangaria suborder,Polynemidae,Polydactylus,Polydactylus quadrifilis
Carangaria,Incertae sedis in Carangaria,Incertae sedis in Carangaria suborder,Polynemidae,Polydactylus,Polydactylus sexfilis
Carangaria,Incertae sedis in Carangaria,Incertae sedis in Carangaria suborder,Polynemidae,Polydactylus,Polydactylus sextarius
Carangaria,Incertae sedis in Carangaria,Incertae sedis in Carangaria suborder,Polynemidae,Polydactylus,Polydactylus siamensis
Carangaria,Incertae sedis in Carangaria,Incertae sedis in Carangaria suborder,Polynemidae,Polydactylus,Polydactylus virginicus
Carangaria,Incertae sedis in Carangaria,Incertae sedis in Carangaria suborder,Polynemidae,Polynemus,Polynemus aquilonaris
Carangaria,Incertae sedis in Carangaria,Incertae sedis in Carangaria suborder,Polynemidae,Polynemus,Polynemus bidentatus
Carangaria,Incertae sedis in Carangaria,Incertae sedis in Carangaria suborder,Polynemidae,Polynemus,Polynemus dubius
Carangaria,Incertae sedis in Carangaria,Incertae sedis in Carangaria suborder,Polynemidae,Polynemus,Polynemus hornadayi
Carangaria,Incertae sedis in Carangaria,Incertae sedis in Carangaria suborder,Polynemidae,Polynemus,Polynemus kapuasensis
Carangaria,Incertae sedis in Carangaria,Incertae sedis in Carangaria suborder,Polynemidae,Polynemus,Polynemus melanochir dulcis
Carangaria,Incertae sedis in Carangaria,Incertae sedis in Carangaria suborder,Polynemidae,Polynemus,Polynemus melanochir melanochir
Carangaria,Incertae sedis in Carangaria,Incertae sedis in Carangaria suborder,Polynemidae,Polynemus,Polynemus multifilis
Carangaria,Incertae sedis in Carangaria,Incertae sedis in Carangaria suborder,Polynemidae,Polynemus,Polynemus paradiseus
Carangaria,Incertae sedis in Carangaria,Incertae sedis in Carangaria suborder,Sphyraenidae,Sphyraena,Sphyraena acutipinnis
Carangaria,Incertae sedis in Carangaria,Incertae sedis in Carangaria suborder,Sphyraenidae,Sphyraena,Sphyraena afra
Carangaria,Incertae sedis in Carangaria,Incertae sedis in Carangaria suborder,Sphyraenidae,Sphyraena,Sphyraena argentea
Carangaria,Incertae sedis in Carangaria,Incertae sedis in Carangaria suborder,Sphyraenidae,Sphyraena,Sphyraena barracuda
Carangaria,Incertae sedis in Carangaria,Incertae sedis in Carangaria suborder,Sphyraenidae,Sphyraena,Sphyraena borealis
Carangaria,Incertae sedis in Carangaria,Incertae sedis in Carangaria suborder,Sphyraenidae,Sphyraena,Sphyraena chrysotaenia
Carangaria,Incertae sedis in Carangaria,Incertae sedis in Carangaria suborder,Sphyraenidae,Sphyraena,Sphyraena ensis
Carangaria,Incertae sedis in Carangaria,Incertae sedis in Carangaria suborder,Sphyraenidae,Sphyraena,Sphyraena flavicauda
Carangaria,Incertae sedis in Carangaria,Incertae sedis in Carangaria suborder,Sphyraenidae,Sphyraena,Sphyraena forsteri
Carangaria,Incertae sedis in Carangaria,Incertae sedis in Carangaria suborder,Sphyraenidae,Sphyraena,Sphyraena guachancho
Carangaria,Incertae sedis in Carangaria,Incertae sedis in Carangaria suborder,Sphyraenidae,Sphyraena,Sphyraena helleri
Carangaria,Incertae sedis in Carangaria,Incertae sedis in Carangaria suborder,Sphyraenidae,Sphyraena,Sphyraena iburiensis
Carangaria,Incertae sedis in Carangaria,Incertae sedis in Carangaria suborder,Sphyraenidae,Sphyraena,Sphyraena idiastes
Carangaria,Incertae sedis in Carangaria,Incertae sedis in Carangaria suborder,Sphyraenidae,Sphyraena,Sphyraena intermedia
Carangaria,Incertae sedis in Carangaria,Incertae sedis in Carangaria suborder,Sphyraenidae,Sphyraena,Sphyraena japonica
Carangaria,Incertae sedis in Carangaria,Incertae sedis in Carangaria suborder,Sphyraenidae,Sphyraena,Sphyraena jello
Carangaria,Incertae sedis in Carangaria,Incertae sedis in Carangaria suborder,Sphyraenidae,Sphyraena,Sphyraena lucasana
Carangaria,Incertae sedis in Carangaria,Incertae sedis in Carangaria suborder,Sphyraenidae,Sphyraena,Sphyraena novaehollandiae
Carangaria,Incertae sedis in Carangaria,Incertae sedis in Carangaria suborder,Sphyraenidae,Sphyraena,Sphyraena obtusata
Carangaria,Incertae sedis in Carangaria,Incertae sedis in Carangaria suborder,Sphyraenidae,Sphyraena,Sphyraena picudilla
Carangaria,Incertae sedis in Carangaria,Incertae sedis in Carangaria suborder,Sphyraenidae,Sphyraena,Sphyraena pinguis
Carangaria,Incertae sedis in Carangaria,Incertae sedis in Carangaria suborder,Sphyraenidae,Sphyraena,Sphyraena putnamae
Carangaria,Incertae sedis in Carangaria,Incertae sedis in Carangaria suborder,Sphyraenidae,Sphyraena,Sphyraena qenie
Carangaria,Incertae sedis in Carangaria,Incertae sedis in Carangaria suborder,Sphyraenidae,Sphyraena,Sphyraena sphyraena
Carangaria,Incertae sedis in Carangaria,Incertae sedis in Carangaria suborder,Sphyraenidae,Sphyraena,Sphyraena tome
Carangaria,Incertae sedis in Carangaria,Incertae sedis in Carangaria suborder,Sphyraenidae,Sphyraena,Sphyraena viridensis
Carangaria,Incertae sedis in Carangaria,Incertae sedis in Carangaria suborder,Sphyraenidae,Sphyraena,Sphyraena waitii
Carangaria,Incertae sedis in Carangaria,Incertae sedis in Carangaria suborder,Toxotidae,Toxotes,Toxotes blythii
Carangaria,Incertae sedis in Carangaria,Incertae sedis in Carangaria suborder,Toxotidae,Toxotes,Toxotes chatareus
Carangaria,Incertae sedis in Carangaria,Incertae sedis in Carangaria suborder,Toxotidae,Toxotes,Toxotes jaculatrix
Carangaria,Incertae sedis in Carangaria,Incertae sedis in Carangaria suborder,Toxotidae,Toxotes,Toxotes kimberleyensis
Carangaria,Incertae sedis in Carangaria,Incertae sedis in Carangaria suborder,Toxotidae,Toxotes,Toxotes lorentzi
Carangaria,Incertae sedis in Carangaria,Incertae sedis in Carangaria suborder,Toxotidae,Toxotes,Toxotes microlepis
Carangaria,Incertae sedis in Carangaria,Incertae sedis in Carangaria suborder,Toxotidae,Toxotes,Toxotes oligolepis
Carangaria,Istiophoriformes,Istiophoriformes suborder,Istiophoridae,Istiompax,Istiompax indica
Carangaria,Istiophoriformes,Istiophoriformes suborder,Istiophoridae,Istiophorus,Istiophorus albicans
Carangaria,Istiophoriformes,Istiophoriformes suborder,Istiophoridae,Istiophorus,Istiophorus platypterus
Carangaria,Istiophoriformes,Istiophoriformes suborder,Istiophoridae,Kajikia,Kajikia albida
Carangaria,Istiophoriformes,Istiophoriformes suborder,Istiophoridae,Kajikia,Kajikia audax
Carangaria,Istiophoriformes,Istiophoriformes suborder,Istiophoridae,Makaira,Makaira mazara
Carangaria,Istiophoriformes,Istiophoriformes suborder,Istiophoridae,Makaira,Makaira nigricans
Carangaria,Istiophoriformes,Istiophoriformes suborder,Istiophoridae,Tetrapturus,Tetrapturus angustirostris
Carangaria,Istiophoriformes,Istiophoriformes suborder,Istiophoridae,Tetrapturus,Tetrapturus belone
Carangaria,Istiophoriformes,Istiophoriformes suborder,Istiophoridae,Tetrapturus,Tetrapturus georgii
Carangaria,Istiophoriformes,Istiophoriformes suborder,Istiophoridae,Tetrapturus,Tetrapturus pfluegeri
Carangaria,Istiophoriformes,Istiophoriformes suborder,Xiphiidae,Xiphias,Xiphias gladius
Carangaria,Pleuronectiformes,Pleuronectoidei,Achiridae,Achirus,Achirus achirus
Carangaria,Pleuronectiformes,Pleuronectoidei,Achiridae,Achirus,Achirus declivis
Carangaria,Pleuronectiformes,Pleuronectoidei,Achiridae,Achirus,Achirus klunzingeri
Carangaria,Pleuronectiformes,Pleuronectoidei,Achiridae,Achirus,Achirus lineatus
Carangaria,Pleuronectiformes,Pleuronectoidei,Achiridae,Achirus,Achirus mazatlanus
Carangaria,Pleuronectiformes,Pleuronectoidei,Achiridae,Achirus,Achirus mucuri
Carangaria,Pleuronectiformes,Pleuronectoidei,Achiridae,Achirus,Achirus novoae
Carangaria,Pleuronectiformes,Pleuronectoidei,Achiridae,Achirus,Achirus scutum
Carangaria,Pleuronectiformes,Pleuronectoidei,Achiridae,Achirus,Achirus zebrinus
Carangaria,Pleuronectiformes,Pleuronectoidei,Achiridae,Apionichthys,Apionichthys dumerili
Carangaria,Pleuronectiformes,Pleuronectoidei,Achiridae,Apionichthys,Apionichthys finis
Carangaria,Pleuronectiformes,Pleuronectoidei,Achiridae,Apionichthys,Apionichthys menezesi
Carangaria,Pleuronectiformes,Pleuronectoidei,Achiridae,Apionichthys,Apionichthys nattereri
Carangaria,Pleuronectiformes,Pleuronectoidei,Achiridae,Apionichthys,Apionichthys rosai
Carangaria,Pleuronectiformes,Pleuronectoidei,Achiridae,Apionichthys,Apionichthys sauli
Carangaria,Pleuronectiformes,Pleuronectoidei,Achiridae,Apionichthys,Apionichthys seripierriae
Carangaria,Pleuronectiformes,Pleuronectoidei,Achiridae,Catathyridium,Catathyridium garmani
Carangaria,Pleuronectiformes,Pleuronectoidei,Achiridae,Catathyridium,Catathyridium grandirivi
Carangaria,Pleuronectiformes,Pleuronectoidei,Achiridae,Catathyridium,Catathyridium jenynsii
Carangaria,Pleuronectiformes,Pleuronectoidei,Achiridae,Catathyridium,Catathyridium lorentzii
Carangaria,Pleuronectiformes,Pleuronectoidei,Achiridae,Gymnachirus,Gymnachirus melas
Carangaria,Pleuronectiformes,Pleuronectoidei,Achiridae,Gymnachirus,Gymnachirus nudus
Carangaria,Pleuronectiformes,Pleuronectoidei,Achiridae,Gymnachirus,Gymnachirus texae
Carangaria,Pleuronectiformes,Pleuronectoidei,Achiridae,Hypoclinemus,Hypoclinemus mentalis
Carangaria,Pleuronectiformes,Pleuronectoidei,Achiridae,Pnictes,Pnictes asphyxiatus
Carangaria,Pleuronectiformes,Pleuronectoidei,Achiridae,Trinectes,Trinectes fimbriatus
Carangaria,Pleuronectiformes,Pleuronectoidei,Achiridae,Trinectes,Trinectes fluviatilis
Carangaria,Pleuronectiformes,Pleuronectoidei,Achiridae,Trinectes,Trinectes fonsecensis
Carangaria,Pleuronectiformes,Pleuronectoidei,Achiridae,Trinectes,Trinectes hubbsbollinger
Carangaria,Pleuronectiformes,Pleuronectoidei,Achiridae,Trinectes,Trinectes inscriptus
Carangaria,Pleuronectiformes,Pleuronectoidei,Achiridae,Trinectes,Trinectes maculatus
Carangaria,Pleuronectiformes,Pleuronectoidei,Achiridae,Trinectes,Trinectes microphthalmus
Carangaria,Pleuronectiformes,Pleuronectoidei,Achiridae,Trinectes,Trinectes opercularis
Carangaria,Pleuronectiformes,Pleuronectoidei,Achiridae,Trinectes,Trinectes paulistanus
Carangaria,Pleuronectiformes,Pleuronectoidei,Achiridae,Trinectes,Trinectes xanthurus
Carangaria,Pleuronectiformes,Pleuronectoidei,Bothidae,Arnoglossus,Arnoglossus andrewsi
Carangaria,Pleuronectiformes,Pleuronectoidei,Bothidae,Arnoglossus,Arnoglossus arabicus
Carangaria,Pleuronectiformes,Pleuronectoidei,Bothidae,Arnoglossus,Arnoglossus armstrongi
Carangaria,Pleuronectiformes,Pleuronectoidei,Bothidae,Arnoglossus,Arnoglossus aspilos
Carangaria,Pleuronectiformes,Pleuronectoidei,Bothidae,Arnoglossus,Arnoglossus bassensis
Carangaria,Pleuronectiformes,Pleuronectoidei,Bothidae,Arnoglossus,Arnoglossus boops
Carangaria,Pleuronectiformes,Pleuronectoidei,Bothidae,Arnoglossus,Arnoglossus brunneus
Carangaria,Pleuronectiformes,Pleuronectoidei,Bothidae,Arnoglossus,Arnoglossus capensis
Carangaria,Pleuronectiformes,Pleuronectoidei,Bothidae,Arnoglossus,Arnoglossus coeruleosticta
Carangaria,Pleuronectiformes,Pleuronectoidei,Bothidae,Arnoglossus,Arnoglossus dalgleishi
Carangaria,Pleuronectiformes,Pleuronectoidei,Bothidae,Arnoglossus,Arnoglossus debilis
Carangaria,Pleuronectiformes,Pleuronectoidei,Bothidae,Arnoglossus,Arnoglossus elongatus
Carangaria,Pleuronectiformes,Pleuronectoidei,Bothidae,Arnoglossus,Arnoglossus fisoni
Carangaria,Pleuronectiformes,Pleuronectoidei,Bothidae,Arnoglossus,Arnoglossus grohmanni
Carangaria,Pleuronectiformes,Pleuronectoidei,Bothidae,Arnoglossus,Arnoglossus imperialis
Carangaria,Pleuronectiformes,Pleuronectoidei,Bothidae,Arnoglossus,Arnoglossus japonicus
Carangaria,Pleuronectiformes,Pleuronectoidei,Bothidae,Arnoglossus,Arnoglossus kessleri
Carangaria,Pleuronectiformes,Pleuronectoidei,Bothidae,Arnoglossus,Arnoglossus laterna
Carangaria,Pleuronectiformes,Pleuronectoidei,Bothidae,Arnoglossus,Arnoglossus macrolophus
Carangaria,Pleuronectiformes,Pleuronectoidei,Bothidae,Arnoglossus,Arnoglossus marisrubri
Carangaria,Pleuronectiformes,Pleuronectoidei,Bothidae,Arnoglossus,Arnoglossus micrommatus
Carangaria,Pleuronectiformes,Pleuronectoidei,Bothidae,Arnoglossus,Arnoglossus muelleri
Carangaria,Pleuronectiformes,Pleuronectoidei,Bothidae,Arnoglossus,Arnoglossus multirastris
Carangaria,Pleuronectiformes,Pleuronectoidei,Bothidae,Arnoglossus,Arnoglossus nigrifrons
Carangaria,Pleuronectiformes,Pleuronectoidei,Bothidae,Arnoglossus,Arnoglossus oxyrhynchus
Carangaria,Pleuronectiformes,Pleuronectoidei,Bothidae,Arnoglossus,Arnoglossus polyspilus
Carangaria,Pleuronectiformes,Pleuronectoidei,Bothidae,Arnoglossus,Arnoglossus rueppelii
Carangaria,Pleuronectiformes,Pleuronectoidei,Bothidae,Arnoglossus,Arnoglossus sayaensis
Carangaria,Pleuronectiformes,Pleuronectoidei,Bothidae,Arnoglossus,Arnoglossus scapha
Carangaria,Pleuronectiformes,Pleuronectoidei,Bothidae,Arnoglossus,Arnoglossus septemventralis
Carangaria,Pleuronectiformes,Pleuronectoidei,Bothidae,Arnoglossus,Arnoglossus tapeinosoma
Carangaria,Pleuronectiformes,Pleuronectoidei,Bothidae,Arnoglossus,Arnoglossus tenuis
Carangaria,Pleuronectiformes,Pleuronectoidei,Bothidae,Arnoglossus,Arnoglossus thori
Carangaria,Pleuronectiformes,Pleuronectoidei,Bothidae,Arnoglossus,Arnoglossus waitei
Carangaria,Pleuronectiformes,Pleuronectoidei,Bothidae,Arnoglossus,Arnoglossus yamanakai
Carangaria,Pleuronectiformes,Pleuronectoidei,Bothidae,Asterorhombus,Asterorhombus cocosensis
Carangaria,Pleuronectiformes,Pleuronectoidei,Bothidae,Asterorhombus,Asterorhombus filifer
Carangaria,Pleuronectiformes,Pleuronectoidei,Bothidae,Asterorhombus,Asterorhombus intermedius
Carangaria,Pleuronectiformes,Pleuronectoidei,Bothidae,Bothus,Bothus assimilis
Carangaria,Pleuronectiformes,Pleuronectoidei,Bothidae,Bothus,Bothus constellatus
Carangaria,Pleuronectiformes,Pleuronectoidei,Bothidae,Bothus,Bothus ellipticus
Carangaria,Pleuronectiformes,Pleuronectoidei,Bothidae,Bothus,Bothus guibei
Carangaria,Pleuronectiformes,Pleuronectoidei,Bothidae,Bothus,Bothus leopardinus
Carangaria,Pleuronectiformes,Pleuronectoidei,Bothidae,Bothus,Bothus lunatus
Carangaria,Pleuronectiformes,Pleuronectoidei,Bothidae,Bothus,Bothus maculiferus
Carangaria,Pleuronectiformes,Pleuronectoidei,Bothidae,Bothus,Bothus mancus
Carangaria,Pleuronectiformes,Pleuronectoidei,Bothidae,Bothus,Bothus mellissi
Carangaria,Pleuronectiformes,Pleuronectoidei,Bothidae,Bothus,Bothus myriaster
Carangaria,Pleuronectiformes,Pleuronectoidei,Bothidae,Bothus,Bothus ocellatus
Carangaria,Pleuronectiformes,Pleuronectoidei,Bothidae,Bothus,Bothus pantherinus
Carangaria,Pleuronectiformes,Pleuronectoidei,Bothidae,Bothus,Bothus podas
Carangaria,Pleuronectiformes,Pleuronectoidei,Bothidae,Bothus,Bothus robinsi
Carangaria,Pleuronectiformes,Pleuronectoidei,Bothidae,Bothus,Bothus swio
Carangaria,Pleuronectiformes,Pleuronectoidei,Bothidae,Bothus,Bothus tricirrhitus
Carangaria,Pleuronectiformes,Pleuronectoidei,Bothidae,Chascanopsetta,Chascanopsetta crumenalis
Carangaria,Pleuronectiformes,Pleuronectoidei,Bothidae,Chascanopsetta,Chascanopsetta elski
Carangaria,Pleuronectiformes,Pleuronectoidei,Bothidae,Chascanopsetta,Chascanopsetta kenyaensis
Carangaria,Pleuronectiformes,Pleuronectoidei,Bothidae,Chascanopsetta,Chascanopsetta lugubris
Carangaria,Pleuronectiformes,Pleuronectoidei,Bothidae,Chascanopsetta,Chascanopsetta megagnatha
Carangaria,Pleuronectiformes,Pleuronectoidei,Bothidae,Chascanopsetta,Chascanopsetta micrognatha
Carangaria,Pleuronectiformes,Pleuronectoidei,Bothidae,Chascanopsetta,Chascanopsetta prognatha
Carangaria,Pleuronectiformes,Pleuronectoidei,Bothidae,Chascanopsetta,Chascanopsetta prorigera
Carangaria,Pleuronectiformes,Pleuronectoidei,Bothidae,Crossorhombus,Crossorhombus azureus
Carangaria,Pleuronectiformes,Pleuronectoidei,Bothidae,Crossorhombus,Crossorhombus howensis
Carangaria,Pleuronectiformes,Pleuronectoidei,Bothidae,Crossorhombus,Crossorhombus kanekonis
Carangaria,Pleuronectiformes,Pleuronectoidei,Bothidae,Crossorhombus,Crossorhombus kobensis
Carangaria,Pleuronectiformes,Pleuronectoidei,Bothidae,Crossorhombus,Crossorhombus valderostratus
Carangaria,Pleuronectiformes,Pleuronectoidei,Bothidae,Engyophrys,Engyophrys sanctilaurentii
Carangaria,Pleuronectiformes,Pleuronectoidei,Bothidae,Engyophrys,Engyophrys senta
Carangaria,Pleuronectiformes,Pleuronectoidei,Bothidae,Engyprosopon,Engyprosopon annulatus
Carangaria,Pleuronectiformes,Pleuronectoidei,Bothidae,Engyprosopon,Engyprosopon arenicola
Carangaria,Pleuronectiformes,Pleuronectoidei,Bothidae,Engyprosopon,Engyprosopon bellonaensis
Carangaria,Pleuronectiformes,Pleuronectoidei,Bothidae,Engyprosopon,Engyprosopon bleekeri
Carangaria,Pleuronectiformes,Pleuronectoidei,Bothidae,Engyprosopon,Engyprosopon filimanus
Carangaria,Pleuronectiformes,Pleuronectoidei,Bothidae,Engyprosopon,Engyprosopon filipennis
Carangaria,Pleuronectiformes,Pleuronectoidei,Bothidae,Engyprosopon,Engyprosopon grandisquama
Carangaria,Pleuronectiformes,Pleuronectoidei,Bothidae,Engyprosopon,Engyprosopon hawaiiensis
Carangaria,Pleuronectiformes,Pleuronectoidei,Bothidae,Engyprosopon,Engyprosopon hensleyi
Carangaria,Pleuronectiformes,Pleuronectoidei,Bothidae,Engyprosopon,Engyprosopon hureaui
Carangaria,Pleuronectiformes,Pleuronectoidei,Bothidae,Engyprosopon,Engyprosopon kushimotoensis
Carangaria,Pleuronectiformes,Pleuronectoidei,Bothidae,Engyprosopon,Engyprosopon latifrons
Carangaria,Pleuronectiformes,Pleuronectoidei,Bothidae,Engyprosopon,Engyprosopon longipelvis
Carangaria,Pleuronectiformes,Pleuronectoidei,Bothidae,Engyprosopon,Engyprosopon longipterum
Carangaria,Pleuronectiformes,Pleuronectoidei,Bothidae,Engyprosopon,Engyprosopon macrolepis
Carangaria,Pleuronectiformes,Pleuronectoidei,Bothidae,Engyprosopon,Engyprosopon maldivensis
Carangaria,Pleuronectiformes,Pleuronectoidei,Bothidae,Engyprosopon,Engyprosopon marquisensis
Carangaria,Pleuronectiformes,Pleuronectoidei,Bothidae,Engyprosopon,Engyprosopon mogkii
Carangaria,Pleuronectiformes,Pleuronectoidei,Bothidae,Engyprosopon,Engyprosopon mozambiquensis
Carangaria,Pleuronectiformes,Pleuronectoidei,Bothidae,Engyprosopon,Engyprosopon multisquama
Carangaria,Pleuronectiformes,Pleuronectoidei,Bothidae,Engyprosopon,Engyprosopon natalensis
Carangaria,Pleuronectiformes,Pleuronectoidei,Bothidae,Engyprosopon,Engyprosopon obliquioculatum
Carangaria,Pleuronectiformes,Pleuronectoidei,Bothidae,Engyprosopon,Engyprosopon osculus
Carangaria,Pleuronectiformes,Pleuronectoidei,Bothidae,Engyprosopon,Engyprosopon raoulensis
Carangaria,Pleuronectiformes,Pleuronectoidei,Bothidae,Engyprosopon,Engyprosopon regani
Carangaria,Pleuronectiformes,Pleuronectoidei,Bothidae,Engyprosopon,Engyprosopon rostratum
Carangaria,Pleuronectiformes,Pleuronectoidei,Bothidae,Engyprosopon,Engyprosopon sechellensis
Carangaria,Pleuronectiformes,Pleuronectoidei,Bothidae,Engyprosopon,Engyprosopon septempes
Carangaria,Pleuronectiformes,Pleuronectoidei,Bothidae,Engyprosopon,Engyprosopon vanuatuensis
Carangaria,Pleuronectiformes,Pleuronectoidei,Bothidae,Engyprosopon,Engyprosopon xenandrus
Carangaria,Pleuronectiformes,Pleuronectoidei,Bothidae,Engyprosopon,Engyprosopon xystrias
Carangaria,Pleuronectiformes,Pleuronectoidei,Bothidae,Grammatobothus,Grammatobothus krempfi
Carangaria,Pleuronectiformes,Pleuronectoidei,Bothidae,Grammatobothus,Grammatobothus pennatus
Carangaria,Pleuronectiformes,Pleuronectoidei,Bothidae,Grammatobothus,Grammatobothus polyophthalmus
Carangaria,Pleuronectiformes,Pleuronectoidei,Bothidae,Japonolaeops,Japonolaeops dentatus
Carangaria,Pleuronectiformes,Pleuronectoidei,Bothidae,Kamoharaia,Kamoharaia megastoma
Carangaria,Pleuronectiformes,Pleuronectoidei,Bothidae,Laeops,Laeops clarus
Carangaria,Pleuronectiformes,Pleuronectoidei,Bothidae,Laeops,Laeops cypho
Carangaria,Pleuronectiformes,Pleuronectoidei,Bothidae,Laeops,Laeops gracilis
Carangaria,Pleuronectiformes,Pleuronectoidei,Bothidae,Laeops,Laeops guentheri
Carangaria,Pleuronectiformes,Pleuronectoidei,Bothidae,Laeops,Laeops kitaharae
Carangaria,Pleuronectiformes,Pleuronectoidei,Bothidae,Laeops,Laeops macrophthalmus
Carangaria,Pleuronectiformes,Pleuronectoidei,Bothidae,Laeops,Laeops natalensis
Carangaria,Pleuronectiformes,Pleuronectoidei,Bothidae,Laeops,Laeops nigrescens
Carangaria,Pleuronectiformes,Pleuronectoidei,Bothidae,Laeops,Laeops nigromaculatus
Carangaria,Pleuronectiformes,Pleuronectoidei,Bothidae,Laeops,Laeops parviceps
Carangaria,Pleuronectiformes,Pleuronectoidei,Bothidae,Laeops,Laeops pectoralis
Carangaria,Pleuronectiformes,Pleuronectoidei,Bothidae,Laeops,Laeops tungkongensis
Carangaria,Pleuronectiformes,Pleuronectoidei,Bothidae,Lophonectes,Lophonectes gallus
Carangaria,Pleuronectiformes,Pleuronectoidei,Bothidae,Lophonectes,Lophonectes mongonuiensis
Carangaria,Pleuronectiformes,Pleuronectoidei,Bothidae,Monolene,Monolene antillarum
Carangaria,Pleuronectiformes,Pleuronectoidei,Bothidae,Monolene,Monolene asaedae
Carangaria,Pleuronectiformes,Pleuronectoidei,Bothidae,Monolene,Monolene atrimana
Carangaria,Pleuronectiformes,Pleuronectoidei,Bothidae,Monolene,Monolene danae
Carangaria,Pleuronectiformes,Pleuronectoidei,Bothidae,Monolene,Monolene dubiosa
Carangaria,Pleuronectiformes,Pleuronectoidei,Bothidae,Monolene,Monolene helenensis
Carangaria,Pleuronectiformes,Pleuronectoidei,Bothidae,Monolene,Monolene maculipinna
Carangaria,Pleuronectiformes,Pleuronectoidei,Bothidae,Monolene,Monolene megalepis
Carangaria,Pleuronectiformes,Pleuronectoidei,Bothidae,Monolene,Monolene mertensi
Carangaria,Pleuronectiformes,Pleuronectoidei,Bothidae,Monolene,Monolene microstoma
Carangaria,Pleuronectiformes,Pleuronectoidei,Bothidae,Monolene,Monolene sessilicauda
Carangaria,Pleuronectiformes,Pleuronectoidei,Bothidae,Neolaeops,Neolaeops microphthalmus
Carangaria,Pleuronectiformes,Pleuronectoidei,Bothidae,Parabothus,Parabothus amaokai
Carangaria,Pleuronectiformes,Pleuronectoidei,Bothidae,Parabothus,Parabothus budkeri
Carangaria,Pleuronectiformes,Pleuronectoidei,Bothidae,Parabothus,Parabothus chlorospilus
Carangaria,Pleuronectiformes,Pleuronectoidei,Bothidae,Parabothus,Parabothus coarctatus
Carangaria,Pleuronectiformes,Pleuronectoidei,Bothidae,Parabothus,Parabothus filipes
Carangaria,Pleuronectiformes,Pleuronectoidei,Bothidae,Parabothus,Parabothus kiensis
Carangaria,Pleuronectiformes,Pleuronectoidei,Bothidae,Parabothus,Parabothus malhensis
Carangaria,Pleuronectiformes,Pleuronectoidei,Bothidae,Parabothus,Parabothus polylepis
Carangaria,Pleuronectiformes,Pleuronectoidei,Bothidae,Parabothus,Parabothus taiwanensis
Carangaria,Pleuronectiformes,Pleuronectoidei,Bothidae,Perissias,Perissias taeniopterus
Carangaria,Pleuronectiformes,Pleuronectoidei,Bothidae,Psettina,Psettina brevirictis
Carangaria,Pleuronectiformes,Pleuronectoidei,Bothidae,Psettina,Psettina filimana
Carangaria,Pleuronectiformes,Pleuronectoidei,Bothidae,Psettina,Psettina gigantea
Carangaria,Pleuronectiformes,Pleuronectoidei,Bothidae,Psettina,Psettina hainanensis
Carangaria,Pleuronectiformes,Pleuronectoidei,Bothidae,Psettina,Psettina iijimae
Carangaria,Pleuronectiformes,Pleuronectoidei,Bothidae,Psettina,Psettina multisquamea
Carangaria,Pleuronectiformes,Pleuronectoidei,Bothidae,Psettina,Psettina profunda
Carangaria,Pleuronectiformes,Pleuronectoidei,Bothidae,Psettina,Psettina senta
Carangaria,Pleuronectiformes,Pleuronectoidei,Bothidae,Psettina,Psettina tosana
Carangaria,Pleuronectiformes,Pleuronectoidei,Bothidae,Psettina,Psettina variegata
Carangaria,Pleuronectiformes,Pleuronectoidei,Bothidae,Taeniopsetta,Taeniopsetta ocellata
Carangaria,Pleuronectiformes,Pleuronectoidei,Bothidae,Taeniopsetta,Taeniopsetta radula
Carangaria,Pleuronectiformes,Pleuronectoidei,Bothidae,Tosarhombus,Tosarhombus brevis
Carangaria,Pleuronectiformes,Pleuronectoidei,Bothidae,Tosarhombus,Tosarhombus longimanus
Carangaria,Pleuronectiformes,Pleuronectoidei,Bothidae,Tosarhombus,Tosarhombus neocaledonicus
Carangaria,Pleuronectiformes,Pleuronectoidei,Bothidae,Tosarhombus,Tosarhombus nielseni
Carangaria,Pleuronectiformes,Pleuronectoidei,Bothidae,Tosarhombus,Tosarhombus octoculatus
Carangaria,Pleuronectiformes,Pleuronectoidei,Bothidae,Tosarhombus,Tosarhombus smithi
Carangaria,Pleuronectiformes,Pleuronectoidei,Bothidae,Trichopsetta,Trichopsetta caribbaea
Carangaria,Pleuronectiformes,Pleuronectoidei,Bothidae,Trichopsetta,Trichopsetta melasma
Carangaria,Pleuronectiformes,Pleuronectoidei,Bothidae,Trichopsetta,Trichopsetta orbisulcus
Carangaria,Pleuronectiformes,Pleuronectoidei,Bothidae,Trichopsetta,Trichopsetta ventralis
Carangaria,Pleuronectiformes,Pleuronectoidei,Citharidae,Brachypleura,Brachypleura novaezeelandiae
Carangaria,Pleuronectiformes,Pleuronectoidei,Citharidae,Citharoides,Citharoides axillaris
Carangaria,Pleuronectiformes,Pleuronectoidei,Citharidae,Citharoides,Citharoides macrolepidotus
Carangaria,Pleuronectiformes,Pleuronectoidei,Citharidae,Citharoides,Citharoides macrolepis
Carangaria,Pleuronectiformes,Pleuronectoidei,Citharidae,Citharoides,Citharoides orbitalis
Carangaria,Pleuronectiformes,Pleuronectoidei,Citharidae,Citharus,Citharus linguatula
Carangaria,Pleuronectiformes,Pleuronectoidei,Citharidae,Lepidoblepharon,Lepidoblepharon ophthalmolepis
Carangaria,Pleuronectiformes,Pleuronectoidei,Cynoglossidae,Cynoglossus,Cynoglossus abbreviatus
Carangaria,Pleuronectiformes,Pleuronectoidei,Cynoglossidae,Cynoglossus,Cynoglossus acaudatus
Carangaria,Pleuronectiformes,Pleuronectoidei,Cynoglossidae,Cynoglossus,Cynoglossus acutirostris
Carangaria,Pleuronectiformes,Pleuronectoidei,Cynoglossidae,Cynoglossus,Cynoglossus arel
Carangaria,Pleuronectiformes,Pleuronectoidei,Cynoglossidae,Cynoglossus,Cynoglossus attenuatus
Carangaria,Pleuronectiformes,Pleuronectoidei,Cynoglossidae,Cynoglossus,Cynoglossus bilineatus
Carangaria,Pleuronectiformes,Pleuronectoidei,Cynoglossidae,Cynoglossus,Cynoglossus broadhursti
Carangaria,Pleuronectiformes,Pleuronectoidei,Cynoglossidae,Cynoglossus,Cynoglossus browni
Carangaria,Pleuronectiformes,Pleuronectoidei,Cynoglossidae,Cynoglossus,Cynoglossus cadenati
Carangaria,Pleuronectiformes,Pleuronectoidei,Cynoglossidae,Cynoglossus,Cynoglossus canariensis
Carangaria,Pleuronectiformes,Pleuronectoidei,Cynoglossidae,Cynoglossus,Cynoglossus capensis
Carangaria,Pleuronectiformes,Pleuronectoidei,Cynoglossidae,Cynoglossus,Cynoglossus carpenteri
Carangaria,Pleuronectiformes,Pleuronectoidei,Cynoglossidae,Cynoglossus,Cynoglossus cynoglossus
Carangaria,Pleuronectiformes,Pleuronectoidei,Cynoglossidae,Cynoglossus,Cynoglossus dispar
Carangaria,Pleuronectiformes,Pleuronectoidei,Cynoglossidae,Cynoglossus,Cynoglossus dollfusi
Carangaria,Pleuronectiformes,Pleuronectoidei,Cynoglossidae,Cynoglossus,Cynoglossus dubius
Carangaria,Pleuronectiformes,Pleuronectoidei,Cynoglossidae,Cynoglossus,Cynoglossus durbanensis
Carangaria,Pleuronectiformes,Pleuronectoidei,Cynoglossidae,Cynoglossus,Cynoglossus feldmanni
Carangaria,Pleuronectiformes,Pleuronectoidei,Cynoglossidae,Cynoglossus,Cynoglossus gilchristi
Carangaria,Pleuronectiformes,Pleuronectoidei,Cynoglossidae,Cynoglossus,Cynoglossus gracilis
Carangaria,Pleuronectiformes,Pleuronectoidei,Cynoglossidae,Cynoglossus,Cynoglossus heterolepis
Carangaria,Pleuronectiformes,Pleuronectoidei,Cynoglossidae,Cynoglossus,Cynoglossus interruptus
Carangaria,Pleuronectiformes,Pleuronectoidei,Cynoglossidae,Cynoglossus,Cynoglossus itinus
Carangaria,Pleuronectiformes,Pleuronectoidei,Cynoglossidae,Cynoglossus,Cynoglossus joyneri
Carangaria,Pleuronectiformes,Pleuronectoidei,Cynoglossidae,Cynoglossus,Cynoglossus kapuasensis
Carangaria,Pleuronectiformes,Pleuronectoidei,Cynoglossidae,Cynoglossus,Cynoglossus kopsii
Carangaria,Pleuronectiformes,Pleuronectoidei,Cynoglossidae,Cynoglossus,Cynoglossus lachneri
Carangaria,Pleuronectiformes,Pleuronectoidei,Cynoglossidae,Cynoglossus,Cynoglossus lida
Carangaria,Pleuronectiformes,Pleuronectoidei,Cynoglossidae,Cynoglossus,Cynoglossus lighti
Carangaria,Pleuronectiformes,Pleuronectoidei,Cynoglossidae,Cynoglossus,Cynoglossus lineolatus
Carangaria,Pleuronectiformes,Pleuronectoidei,Cynoglossidae,Cynoglossus,Cynoglossus lingua
Carangaria,Pleuronectiformes,Pleuronectoidei,Cynoglossidae,Cynoglossus,Cynoglossus maccullochi
Carangaria,Pleuronectiformes,Pleuronectoidei,Cynoglossidae,Cynoglossus,Cynoglossus macrolepidotus
Carangaria,Pleuronectiformes,Pleuronectoidei,Cynoglossidae,Cynoglossus,Cynoglossus macrophthalmus
Carangaria,Pleuronectiformes,Pleuronectoidei,Cynoglossidae,Cynoglossus,Cynoglossus macrostomus
Carangaria,Pleuronectiformes,Pleuronectoidei,Cynoglossidae,Cynoglossus,Cynoglossus maculipinnis
Carangaria,Pleuronectiformes,Pleuronectoidei,Cynoglossidae,Cynoglossus,Cynoglossus marleyi
Carangaria,Pleuronectiformes,Pleuronectoidei,Cynoglossidae,Cynoglossus,Cynoglossus melampetalus
Carangaria,Pleuronectiformes,Pleuronectoidei,Cynoglossidae,Cynoglossus,Cynoglossus microlepis
Carangaria,Pleuronectiformes,Pleuronectoidei,Cynoglossidae,Cynoglossus,Cynoglossus monodi
Carangaria,Pleuronectiformes,Pleuronectoidei,Cynoglossidae,Cynoglossus,Cynoglossus monopus
Carangaria,Pleuronectiformes,Pleuronectoidei,Cynoglossidae,Cynoglossus,Cynoglossus nigropinnatus
Carangaria,Pleuronectiformes,Pleuronectoidei,Cynoglossidae,Cynoglossus,Cynoglossus ochiaii
Carangaria,Pleuronectiformes,Pleuronectoidei,Cynoglossidae,Cynoglossus,Cynoglossus ogilbyi
Carangaria,Pleuronectiformes,Pleuronectoidei,Cynoglossidae,Cynoglossus,Cynoglossus oligolepis
Carangaria,Pleuronectiformes,Pleuronectoidei,Cynoglossidae,Cynoglossus,Cynoglossus pottii
Carangaria,Pleuronectiformes,Pleuronectoidei,Cynoglossidae,Cynoglossus,Cynoglossus puncticeps
Carangaria,Pleuronectiformes,Pleuronectoidei,Cynoglossidae,Cynoglossus,Cynoglossus purpureomaculatus
Carangaria,Pleuronectiformes,Pleuronectoidei,Cynoglossidae,Cynoglossus,Cynoglossus robustus
Carangaria,Pleuronectiformes,Pleuronectoidei,Cynoglossidae,Cynoglossus,Cynoglossus roulei
Carangaria,Pleuronectiformes,Pleuronectoidei,Cynoglossidae,Cynoglossus,Cynoglossus sealarki
Carangaria,Pleuronectiformes,Pleuronectoidei,Cynoglossidae,Cynoglossus,Cynoglossus semifasciatus
Carangaria,Pleuronectiformes,Pleuronectoidei,Cynoglossidae,Cynoglossus,Cynoglossus semilaevis
Carangaria,Pleuronectiformes,Pleuronectoidei,Cynoglossidae,Cynoglossus,Cynoglossus senegalensis
Carangaria,Pleuronectiformes,Pleuronectoidei,Cynoglossidae,Cynoglossus,Cynoglossus sibogae
Carangaria,Pleuronectiformes,Pleuronectoidei,Cynoglossidae,Cynoglossus,Cynoglossus sinicus
Carangaria,Pleuronectiformes,Pleuronectoidei,Cynoglossidae,Cynoglossus,Cynoglossus sinusarabici
Carangaria,Pleuronectiformes,Pleuronectoidei,Cynoglossidae,Cynoglossus,Cynoglossus suyeni
Carangaria,Pleuronectiformes,Pleuronectoidei,Cynoglossidae,Cynoglossus,Cynoglossus trigrammus
Carangaria,Pleuronectiformes,Pleuronectoidei,Cynoglossidae,Cynoglossus,Cynoglossus trulla
Carangaria,Pleuronectiformes,Pleuronectoidei,Cynoglossidae,Cynoglossus,Cynoglossus waandersii
Carangaria,Pleuronectiformes,Pleuronectoidei,Cynoglossidae,Cynoglossus,Cynoglossus zanzibarensis
Carangaria,Pleuronectiformes,Pleuronectoidei,Cynoglossidae,Paraplagusia,Paraplagusia bilineata
Carangaria,Pleuronectiformes,Pleuronectoidei,Cynoglossidae,Paraplagusia,Paraplagusia blochii
Carangaria,Pleuronectiformes,Pleuronectoidei,Cynoglossidae,Paraplagusia,Paraplagusia guttata
Carangaria,Pleuronectiformes,Pleuronectoidei,Cynoglossidae,Paraplagusia,Paraplagusia japonica
Carangaria,Pleuronectiformes,Pleuronectoidei,Cynoglossidae,Paraplagusia,Paraplagusia longirostris
Carangaria,Pleuronectiformes,Pleuronectoidei,Cynoglossidae,Paraplagusia,Paraplagusia sinerama
Carangaria,Pleuronectiformes,Pleuronectoidei,Cynoglossidae,Symphurus,Symphurus arawak
Carangaria,Pleuronectiformes,Pleuronectoidei,Cynoglossidae,Symphurus,Symphurus atramentatus
Carangaria,Pleuronectiformes,Pleuronectoidei,Cynoglossidae,Symphurus,Symphurus atricaudus
Carangaria,Pleuronectiformes,Pleuronectoidei,Cynoglossidae,Symphurus,Symphurus australis
Carangaria,Pleuronectiformes,Pleuronectoidei,Cynoglossidae,Symphurus,Symphurus bathyspilus
Carangaria,Pleuronectiformes,Pleuronectoidei,Cynoglossidae,Symphurus,Symphurus billykrietei
Carangaria,Pleuronectiformes,Pleuronectoidei,Cynoglossidae,Symphurus,Symphurus callopterus
Carangaria,Pleuronectiformes,Pleuronectoidei,Cynoglossidae,Symphurus,Symphurus caribbeanus
Carangaria,Pleuronectiformes,Pleuronectoidei,Cynoglossidae,Symphurus,Symphurus chabanaudi
Carangaria,Pleuronectiformes,Pleuronectoidei,Cynoglossidae,Symphurus,Symphurus civitatium
Carangaria,Pleuronectiformes,Pleuronectoidei,Cynoglossidae,Symphurus,Symphurus diabolicus
Carangaria,Pleuronectiformes,Pleuronectoidei,Cynoglossidae,Symphurus,Symphurus diomedeanus
Carangaria,Pleuronectiformes,Pleuronectoidei,Cynoglossidae,Symphurus,Symphurus elongatus
Carangaria,Pleuronectiformes,Pleuronectoidei,Cynoglossidae,Symphurus,Symphurus fasciolaris
Carangaria,Pleuronectiformes,Pleuronectoidei,Cynoglossidae,Symphurus,Symphurus fuscus
Carangaria,Pleuronectiformes,Pleuronectoidei,Cynoglossidae,Symphurus,Symphurus gilesii
Carangaria,Pleuronectiformes,Pleuronectoidei,Cynoglossidae,Symphurus,Symphurus ginsburgi
Carangaria,Pleuronectiformes,Pleuronectoidei,Cynoglossidae,Symphurus,Symphurus gorgonae
Carangaria,Pleuronectiformes,Pleuronectoidei,Cynoglossidae,Symphurus,Symphurus hondoensis
Carangaria,Pleuronectiformes,Pleuronectoidei,Cynoglossidae,Symphurus,Symphurus insularis
Carangaria,Pleuronectiformes,Pleuronectoidei,Cynoglossidae,Symphurus,Symphurus jenynsi
Carangaria,Pleuronectiformes,Pleuronectoidei,Cynoglossidae,Symphurus,Symphurus kyaropterygium
Carangaria,Pleuronectiformes,Pleuronectoidei,Cynoglossidae,Symphurus,Symphurus leei
Carangaria,Pleuronectiformes,Pleuronectoidei,Cynoglossidae,Symphurus,Symphurus ligulatus
Carangaria,Pleuronectiformes,Pleuronectoidei,Cynoglossidae,Symphurus,Symphurus lubbocki
Carangaria,Pleuronectiformes,Pleuronectoidei,Cynoglossidae,Symphurus,Symphurus luzonensis
Carangaria,Pleuronectiformes,Pleuronectoidei,Cynoglossidae,Symphurus,Symphurus macrophthalmus
Carangaria,Pleuronectiformes,Pleuronectoidei,Cynoglossidae,Symphurus,Symphurus maculopinnis
Carangaria,Pleuronectiformes,Pleuronectoidei,Cynoglossidae,Symphurus,Symphurus maldivensis
Carangaria,Pleuronectiformes,Pleuronectoidei,Cynoglossidae,Symphurus,Symphurus marginatus
Carangaria,Pleuronectiformes,Pleuronectoidei,Cynoglossidae,Symphurus,Symphurus marmoratus
Carangaria,Pleuronectiformes,Pleuronectoidei,Cynoglossidae,Symphurus,Symphurus megasomus
Carangaria,Pleuronectiformes,Pleuronectoidei,Cynoglossidae,Symphurus,Symphurus melanurus
Carangaria,Pleuronectiformes,Pleuronectoidei,Cynoglossidae,Symphurus,Symphurus melasmatotheca
Carangaria,Pleuronectiformes,Pleuronectoidei,Cynoglossidae,Symphurus,Symphurus microlepis
Carangaria,Pleuronectiformes,Pleuronectoidei,Cynoglossidae,Symphurus,Symphurus microrhynchus
Carangaria,Pleuronectiformes,Pleuronectoidei,Cynoglossidae,Symphurus,Symphurus minor
Carangaria,Pleuronectiformes,Pleuronectoidei,Cynoglossidae,Symphurus,Symphurus monostigmus
Carangaria,Pleuronectiformes,Pleuronectoidei,Cynoglossidae,Symphurus,Symphurus multimaculatus
Carangaria,Pleuronectiformes,Pleuronectoidei,Cynoglossidae,Symphurus,Symphurus nebulosus
Carangaria,Pleuronectiformes,Pleuronectoidei,Cynoglossidae,Symphurus,Symphurus nigrescens
Carangaria,Pleuronectiformes,Pleuronectoidei,Cynoglossidae,Symphurus,Symphurus normani
Carangaria,Pleuronectiformes,Pleuronectoidei,Cynoglossidae,Symphurus,Symphurus novemfasciatus
Carangaria,Pleuronectiformes,Pleuronectoidei,Cynoglossidae,Symphurus,Symphurus ocellaris
Carangaria,Pleuronectiformes,Pleuronectoidei,Cynoglossidae,Symphurus,Symphurus ocellatus
Carangaria,Pleuronectiformes,Pleuronectoidei,Cynoglossidae,Symphurus,Symphurus oculellus
Carangaria,Pleuronectiformes,Pleuronectoidei,Cynoglossidae,Symphurus,Symphurus oligomerus
Carangaria,Pleuronectiformes,Pleuronectoidei,Cynoglossidae,Symphurus,Symphurus ommaspilus
Carangaria,Pleuronectiformes,Pleuronectoidei,Cynoglossidae,Symphurus,Symphurus orientalis
Carangaria,Pleuronectiformes,Pleuronectoidei,Cynoglossidae,Symphurus,Symphurus parvus
Carangaria,Pleuronectiformes,Pleuronectoidei,Cynoglossidae,Symphurus,Symphurus pelicanus
Carangaria,Pleuronectiformes,Pleuronectoidei,Cynoglossidae,Symphurus,Symphurus piger
Carangaria,Pleuronectiformes,Pleuronectoidei,Cynoglossidae,Symphurus,Symphurus plagiusa
Carangaria,Pleuronectiformes,Pleuronectoidei,Cynoglossidae,Symphurus,Symphurus plagusia
Carangaria,Pleuronectiformes,Pleuronectoidei,Cynoglossidae,Symphurus,Symphurus prolatinaris
Carangaria,Pleuronectiformes,Pleuronectoidei,Cynoglossidae,Symphurus,Symphurus pusillus
Carangaria,Pleuronectiformes,Pleuronectoidei,Cynoglossidae,Symphurus,Symphurus regani
Carangaria,Pleuronectiformes,Pleuronectoidei,Cynoglossidae,Symphurus,Symphurus reticulatus
Carangaria,Pleuronectiformes,Pleuronectoidei,Cynoglossidae,Symphurus,Symphurus rhytisma
Carangaria,Pleuronectiformes,Pleuronectoidei,Cynoglossidae,Symphurus,Symphurus schultzi
Carangaria,Pleuronectiformes,Pleuronectoidei,Cynoglossidae,Symphurus,Symphurus septemstriatus
Carangaria,Pleuronectiformes,Pleuronectoidei,Cynoglossidae,Symphurus,Symphurus stigmosus
Carangaria,Pleuronectiformes,Pleuronectoidei,Cynoglossidae,Symphurus,Symphurus strictus
Carangaria,Pleuronectiformes,Pleuronectoidei,Cynoglossidae,Symphurus,Symphurus tessellatus
Carangaria,Pleuronectiformes,Pleuronectoidei,Cynoglossidae,Symphurus,Symphurus thermophilus
Carangaria,Pleuronectiformes,Pleuronectoidei,Cynoglossidae,Symphurus,Symphurus trewavasae
Carangaria,Pleuronectiformes,Pleuronectoidei,Cynoglossidae,Symphurus,Symphurus trifasciatus
Carangaria,Pleuronectiformes,Pleuronectoidei,Cynoglossidae,Symphurus,Symphurus undatus
Carangaria,Pleuronectiformes,Pleuronectoidei,Cynoglossidae,Symphurus,Symphurus undecimplerus
Carangaria,Pleuronectiformes,Pleuronectoidei,Cynoglossidae,Symphurus,Symphurus urospilus
Carangaria,Pleuronectiformes,Pleuronectoidei,Cynoglossidae,Symphurus,Symphurus vanmelleae
Carangaria,Pleuronectiformes,Pleuronectoidei,Cynoglossidae,Symphurus,Symphurus variegatus
Carangaria,Pleuronectiformes,Pleuronectoidei,Cynoglossidae,Symphurus,Symphurus varius
Carangaria,Pleuronectiformes,Pleuronectoidei,Cynoglossidae,Symphurus,Symphurus williamsi
Carangaria,Pleuronectiformes,Pleuronectoidei,Cynoglossidae,Symphurus,Symphurus woodmasoni
Carangaria,Pleuronectiformes,Pleuronectoidei,Paralichthodidae,Paralichthodes,Paralichthodes algoensis
Carangaria,Pleuronectiformes,Pleuronectoidei,Paralichthyidae,Ancylopsetta,Ancylopsetta antillarum
Carangaria,Pleuronectiformes,Pleuronectoidei,Paralichthyidae,Ancylopsetta,Ancylopsetta cycloidea
Carangaria,Pleuronectiformes,Pleuronectoidei,Paralichthyidae,Ancylopsetta,Ancylopsetta dendritica
Carangaria,Pleuronectiformes,Pleuronectoidei,Paralichthyidae,Ancylopsetta,Ancylopsetta dilecta
Carangaria,Pleuronectiformes,Pleuronectoidei,Paralichthyidae,Ancylopsetta,Ancylopsetta kumperae
Carangaria,Pleuronectiformes,Pleuronectoidei,Paralichthyidae,Ancylopsetta,Ancylopsetta microctenus
Carangaria,Pleuronectiformes,Pleuronectoidei,Paralichthyidae,Ancylopsetta,Ancylopsetta ommata
Carangaria,Pleuronectiformes,Pleuronectoidei,Paralichthyidae,Cephalopsetta,Cephalopsetta ventrocellatus
Carangaria,Pleuronectiformes,Pleuronectoidei,Paralichthyidae,Citharichthys,Citharichthys abbotti
Carangaria,Pleuronectiformes,Pleuronectoidei,Paralichthyidae,Citharichthys,Citharichthys amblybregmatus
Carangaria,Pleuronectiformes,Pleuronectoidei,Paralichthyidae,Citharichthys,Citharichthys arctifrons
Carangaria,Pleuronectiformes,Pleuronectoidei,Paralichthyidae,Citharichthys,Citharichthys arenaceus
Carangaria,Pleuronectiformes,Pleuronectoidei,Paralichthyidae,Citharichthys,Citharichthys cornutus
Carangaria,Pleuronectiformes,Pleuronectoidei,Paralichthyidae,Citharichthys,Citharichthys darwini
Carangaria,Pleuronectiformes,Pleuronectoidei,Paralichthyidae,Citharichthys,Citharichthys dinoceros
Carangaria,Pleuronectiformes,Pleuronectoidei,Paralichthyidae,Citharichthys,Citharichthys fragilis
Carangaria,Pleuronectiformes,Pleuronectoidei,Paralichthyidae,Citharichthys,Citharichthys gilberti
Carangaria,Pleuronectiformes,Pleuronectoidei,Paralichthyidae,Citharichthys,Citharichthys gnathus
Carangaria,Pleuronectiformes,Pleuronectoidei,Paralichthyidae,Citharichthys,Citharichthys gordae
Carangaria,Pleuronectiformes,Pleuronectoidei,Paralichthyidae,Citharichthys,Citharichthys gymnorhinus
Carangaria,Pleuronectiformes,Pleuronectoidei,Paralichthyidae,Citharichthys,Citharichthys macrops
Carangaria,Pleuronectiformes,Pleuronectoidei,Paralichthyidae,Citharichthys,Citharichthys mariajorisae
Carangaria,Pleuronectiformes,Pleuronectoidei,Paralichthyidae,Citharichthys,Citharichthys minutus
Carangaria,Pleuronectiformes,Pleuronectoidei,Paralichthyidae,Citharichthys,Citharichthys platophrys
Carangaria,Pleuronectiformes,Pleuronectoidei,Paralichthyidae,Citharichthys,Citharichthys sordidus
Carangaria,Pleuronectiformes,Pleuronectoidei,Paralichthyidae,Citharichthys,Citharichthys spilopterus
Carangaria,Pleuronectiformes,Pleuronectoidei,Paralichthyidae,Citharichthys,Citharichthys stampflii
Carangaria,Pleuronectiformes,Pleuronectoidei,Paralichthyidae,Citharichthys,Citharichthys stigmaeus
Carangaria,Pleuronectiformes,Pleuronectoidei,Paralichthyidae,Citharichthys,Citharichthys surinamensis
Carangaria,Pleuronectiformes,Pleuronectoidei,Paralichthyidae,Citharichthys,Citharichthys uhleri
Carangaria,Pleuronectiformes,Pleuronectoidei,Paralichthyidae,Citharichthys,Citharichthys valdezi
Carangaria,Pleuronectiformes,Pleuronectoidei,Paralichthyidae,Citharichthys,Citharichthys xanthostigma
Carangaria,Pleuronectiformes,Pleuronectoidei,Paralichthyidae,Cyclopsetta,Cyclopsetta chittendeni
Carangaria,Pleuronectiformes,Pleuronectoidei,Paralichthyidae,Cyclopsetta,Cyclopsetta fimbriata
Carangaria,Pleuronectiformes,Pleuronectoidei,Paralichthyidae,Cyclopsetta,Cyclopsetta panamensis
Carangaria,Pleuronectiformes,Pleuronectoidei,Paralichthyidae,Cyclopsetta,Cyclopsetta querna
Carangaria,Pleuronectiformes,Pleuronectoidei,Paralichthyidae,Etropus,Etropus ciadi
Carangaria,Pleuronectiformes,Pleuronectoidei,Paralichthyidae,Etropus,Etropus crossotus
Carangaria,Pleuronectiformes,Pleuronectoidei,Paralichthyidae,Etropus,Etropus cyclosquamus
Carangaria,Pleuronectiformes,Pleuronectoidei,Paralichthyidae,Etropus,Etropus delsmani delsmani
Carangaria,Pleuronectiformes,Pleuronectoidei,Paralichthyidae,Etropus,Etropus delsmani pacificus
Carangaria,Pleuronectiformes,Pleuronectoidei,Paralichthyidae,Etropus,Etropus ectenes
Carangaria,Pleuronectiformes,Pleuronectoidei,Paralichthyidae,Etropus,Etropus longimanus
Carangaria,Pleuronectiformes,Pleuronectoidei,Paralichthyidae,Etropus,Etropus microstomus
Carangaria,Pleuronectiformes,Pleuronectoidei,Paralichthyidae,Etropus,Etropus peruvianus
Carangaria,Pleuronectiformes,Pleuronectoidei,Paralichthyidae,Etropus,Etropus rimosus
Carangaria,Pleuronectiformes,Pleuronectoidei,Paralichthyidae,Gastropsetta,Gastropsetta frontalis
Carangaria,Pleuronectiformes,Pleuronectoidei,Paralichthyidae,Hippoglossina,Hippoglossina bollmani
Carangaria,Pleuronectiformes,Pleuronectoidei,Paralichthyidae,Hippoglossina,Hippoglossina macrops
Carangaria,Pleuronectiformes,Pleuronectoidei,Paralichthyidae,Hippoglossina,Hippoglossina montemaris
Carangaria,Pleuronectiformes,Pleuronectoidei,Paralichthyidae,Hippoglossina,Hippoglossina mystacium
Carangaria,Pleuronectiformes,Pleuronectoidei,Paralichthyidae,Hippoglossina,Hippoglossina oblonga
Carangaria,Pleuronectiformes,Pleuronectoidei,Paralichthyidae,Hippoglossina,Hippoglossina stomata
Carangaria,Pleuronectiformes,Pleuronectoidei,Paralichthyidae,Hippoglossina,Hippoglossina tetrophthalma
Carangaria,Pleuronectiformes,Pleuronectoidei,Paralichthyidae,Paralichthys,Paralichthys adspersus
Carangaria,Pleuronectiformes,Pleuronectoidei,Paralichthyidae,Paralichthys,Paralichthys aestuarius
Carangaria,Pleuronectiformes,Pleuronectoidei,Paralichthyidae,Paralichthys,Paralichthys albigutta
Carangaria,Pleuronectiformes,Pleuronectoidei,Paralichthyidae,Paralichthys,Paralichthys brasiliensis
Carangaria,Pleuronectiformes,Pleuronectoidei,Paralichthyidae,Paralichthys,Paralichthys californicus
Carangaria,Pleuronectiformes,Pleuronectoidei,Paralichthyidae,Paralichthys,Paralichthys delfini
Carangaria,Pleuronectiformes,Pleuronectoidei,Paralichthyidae,Paralichthys,Paralichthys dentatus
Carangaria,Pleuronectiformes,Pleuronectoidei,Paralichthyidae,Paralichthys,Paralichthys fernandezianus
Carangaria,Pleuronectiformes,Pleuronectoidei,Paralichthyidae,Paralichthys,Paralichthys isosceles
Carangaria,Pleuronectiformes,Pleuronectoidei,Paralichthyidae,Paralichthys,Paralichthys lethostigma
Carangaria,Pleuronectiformes,Pleuronectoidei,Paralichthyidae,Paralichthys,Paralichthys microps
Carangaria,Pleuronectiformes,Pleuronectoidei,Paralichthyidae,Paralichthys,Paralichthys olivaceus
Carangaria,Pleuronectiformes,Pleuronectoidei,Paralichthyidae,Paralichthys,Paralichthys orbignyanus
Carangaria,Pleuronectiformes,Pleuronectoidei,Paralichthyidae,Paralichthys,Paralichthys patagonicus
Carangaria,Pleuronectiformes,Pleuronectoidei,Paralichthyidae,Paralichthys,Paralichthys squamilentus
Carangaria,Pleuronectiformes,Pleuronectoidei,Paralichthyidae,Paralichthys,Paralichthys triocellatus
Carangaria,Pleuronectiformes,Pleuronectoidei,Paralichthyidae,Paralichthys,Paralichthys tropicus
Carangaria,Pleuronectiformes,Pleuronectoidei,Paralichthyidae,Paralichthys,Paralichthys woolmani
Carangaria,Pleuronectiformes,Pleuronectoidei,Paralichthyidae,Pseudorhombus,Pseudorhombus annulatus
Carangaria,Pleuronectiformes,Pleuronectoidei,Paralichthyidae,Pseudorhombus,Pseudorhombus argus
Carangaria,Pleuronectiformes,Pleuronectoidei,Paralichthyidae,Pseudorhombus,Pseudorhombus arsius
Carangaria,Pleuronectiformes,Pleuronectoidei,Paralichthyidae,Pseudorhombus,Pseudorhombus binii
Carangaria,Pleuronectiformes,Pleuronectoidei,Paralichthyidae,Pseudorhombus,Pseudorhombus cinnamoneus
Carangaria,Pleuronectiformes,Pleuronectoidei,Paralichthyidae,Pseudorhombus,Pseudorhombus ctenosquamis
Carangaria,Pleuronectiformes,Pleuronectoidei,Paralichthyidae,Pseudorhombus,Pseudorhombus diplospilus
Carangaria,Pleuronectiformes,Pleuronectoidei,Paralichthyidae,Pseudorhombus,Pseudorhombus dupliciocellatus
Carangaria,Pleuronectiformes,Pleuronectoidei,Paralichthyidae,Pseudorhombus,Pseudorhombus elevatus
Carangaria,Pleuronectiformes,Pleuronectoidei,Paralichthyidae,Pseudorhombus,Pseudorhombus javanicus
Carangaria,Pleuronectiformes,Pleuronectoidei,Paralichthyidae,Pseudorhombus,Pseudorhombus jenynsii
Carangaria,Pleuronectiformes,Pleuronectoidei,Paralichthyidae,Pseudorhombus,Pseudorhombus levisquamis
Carangaria,Pleuronectiformes,Pleuronectoidei,Paralichthyidae,Pseudorhombus,Pseudorhombus malayanus
Carangaria,Pleuronectiformes,Pleuronectoidei,Paralichthyidae,Pseudorhombus,Pseudorhombus megalops
Carangaria,Pleuronectiformes,Pleuronectoidei,Paralichthyidae,Pseudorhombus,Pseudorhombus micrognathus
Carangaria,Pleuronectiformes,Pleuronectoidei,Paralichthyidae,Pseudorhombus,Pseudorhombus natalensis
Carangaria,Pleuronectiformes,Pleuronectoidei,Paralichthyidae,Pseudorhombus,Pseudorhombus neglectus
Carangaria,Pleuronectiformes,Pleuronectoidei,Paralichthyidae,Pseudorhombus,Pseudorhombus oculocirris
Carangaria,Pleuronectiformes,Pleuronectoidei,Paralichthyidae,Pseudorhombus,Pseudorhombus oligodon
Carangaria,Pleuronectiformes,Pleuronectoidei,Paralichthyidae,Pseudorhombus,Pseudorhombus pentophthalmus
Carangaria,Pleuronectiformes,Pleuronectoidei,Paralichthyidae,Pseudorhombus,Pseudorhombus polyspilos
Carangaria,Pleuronectiformes,Pleuronectoidei,Paralichthyidae,Pseudorhombus,Pseudorhombus quinquocellatus
Carangaria,Pleuronectiformes,Pleuronectoidei,Paralichthyidae,Pseudorhombus,Pseudorhombus russellii
Carangaria,Pleuronectiformes,Pleuronectoidei,Paralichthyidae,Pseudorhombus,Pseudorhombus spinosus
Carangaria,Pleuronectiformes,Pleuronectoidei,Paralichthyidae,Pseudorhombus,Pseudorhombus tenuirastrum
Carangaria,Pleuronectiformes,Pleuronectoidei,Paralichthyidae,Pseudorhombus,Pseudorhombus triocellatus
Carangaria,Pleuronectiformes,Pleuronectoidei,Paralichthyidae,Syacium,Syacium guineensis
Carangaria,Pleuronectiformes,Pleuronectoidei,Paralichthyidae,Syacium,Syacium gunteri
Carangaria,Pleuronectiformes,Pleuronectoidei,Paralichthyidae,Syacium,Syacium latifrons
Carangaria,Pleuronectiformes,Pleuronectoidei,Paralichthyidae,Syacium,Syacium longidorsale
Carangaria,Pleuronectiformes,Pleuronectoidei,Paralichthyidae,Syacium,Syacium maculiferum
Carangaria,Pleuronectiformes,Pleuronectoidei,Paralichthyidae,Syacium,Syacium micrurum
Carangaria,Pleuronectiformes,Pleuronectoidei,Paralichthyidae,Syacium,Syacium ovale
Carangaria,Pleuronectiformes,Pleuronectoidei,Paralichthyidae,Syacium,Syacium papillosum
Carangaria,Pleuronectiformes,Pleuronectoidei,Paralichthyidae,Tarphops,Tarphops elegans
Carangaria,Pleuronectiformes,Pleuronectoidei,Paralichthyidae,Tarphops,Tarphops oligolepis
Carangaria,Pleuronectiformes,Pleuronectoidei,Paralichthyidae,Tephrinectes,Tephrinectes sinensis
Carangaria,Pleuronectiformes,Pleuronectoidei,Paralichthyidae,Thysanopsetta,Thysanopsetta naresi
Carangaria,Pleuronectiformes,Pleuronectoidei,Paralichthyidae,Xystreurys,Xystreurys liolepis
Carangaria,Pleuronectiformes,Pleuronectoidei,Paralichthyidae,Xystreurys,Xystreurys rasile
Carangaria,Pleuronectiformes,Pleuronectoidei,Pleuronectidae,Acanthopsetta,Acanthopsetta nadeshnyi
Carangaria,Pleuronectiformes,Pleuronectoidei,Pleuronectidae,Ammotretis,Ammotretis brevipinnis
Carangaria,Pleuronectiformes,Pleuronectoidei,Pleuronectidae,Ammotretis,Ammotretis elongatus
Carangaria,Pleuronectiformes,Pleuronectoidei,Pleuronectidae,Ammotretis,Ammotretis lituratus
Carangaria,Pleuronectiformes,Pleuronectoidei,Pleuronectidae,Ammotretis,Ammotretis macrolepis
Carangaria,Pleuronectiformes,Pleuronectoidei,Pleuronectidae,Ammotretis,Ammotretis rostratus
Carangaria,Pleuronectiformes,Pleuronectoidei,Pleuronectidae,Atheresthes,Atheresthes evermanni
Carangaria,Pleuronectiformes,Pleuronectoidei,Pleuronectidae,Atheresthes,Atheresthes stomias
Carangaria,Pleuronectiformes,Pleuronectoidei,Pleuronectidae,Azygopus,Azygopus pinnifasciatus
Carangaria,Pleuronectiformes,Pleuronectoidei,Pleuronectidae,Cleisthenes,Cleisthenes herzensteini
Carangaria,Pleuronectiformes,Pleuronectoidei,Pleuronectidae,Cleisthenes,Cleisthenes pinetorum
Carangaria,Pleuronectiformes,Pleuronectoidei,Pleuronectidae,Clidoderma,Clidoderma asperrimum
Carangaria,Pleuronectiformes,Pleuronectoidei,Pleuronectidae,Colistium,Colistium guntheri
Carangaria,Pleuronectiformes,Pleuronectoidei,Pleuronectidae,Colistium,Colistium nudipinnis
Carangaria,Pleuronectiformes,Pleuronectoidei,Pleuronectidae,Dexistes,Dexistes rikuzenius
Carangaria,Pleuronectiformes,Pleuronectoidei,Pleuronectidae,Embassichthys,Embassichthys bathybius
Carangaria,Pleuronectiformes,Pleuronectoidei,Pleuronectidae,Eopsetta,Eopsetta grigorjewi
Carangaria,Pleuronectiformes,Pleuronectoidei,Pleuronectidae,Eopsetta,Eopsetta jordani
Carangaria,Pleuronectiformes,Pleuronectoidei,Pleuronectidae,Glyptocephalus,Glyptocephalus cynoglossus
Carangaria,Pleuronectiformes,Pleuronectoidei,Pleuronectidae,Glyptocephalus,Glyptocephalus stelleri
Carangaria,Pleuronectiformes,Pleuronectoidei,Pleuronectidae,Glyptocephalus,Glyptocephalus zachirus
Carangaria,Pleuronectiformes,Pleuronectoidei,Pleuronectidae,Hippoglossoides,Hippoglossoides dubius
Carangaria,Pleuronectiformes,Pleuronectoidei,Pleuronectidae,Hippoglossoides,Hippoglossoides elassodon
Carangaria,Pleuronectiformes,Pleuronectoidei,Pleuronectidae,Hippoglossoides,Hippoglossoides platessoides
Carangaria,Pleuronectiformes,Pleuronectoidei,Pleuronectidae,Hippoglossoides,Hippoglossoides robustus
Carangaria,Pleuronectiformes,Pleuronectoidei,Pleuronectidae,Hippoglossus,Hippoglossus hippoglossus
Carangaria,Pleuronectiformes,Pleuronectoidei,Pleuronectidae,Hippoglossus,Hippoglossus stenolepis
Carangaria,Pleuronectiformes,Pleuronectoidei,Pleuronectidae,Hypsopsetta,Hypsopsetta guttulata
Carangaria,Pleuronectiformes,Pleuronectoidei,Pleuronectidae,Hypsopsetta,Hypsopsetta macrocephala
Carangaria,Pleuronectiformes,Pleuronectoidei,Pleuronectidae,Isopsetta,Isopsetta isolepis
Carangaria,Pleuronectiformes,Pleuronectoidei,Pleuronectidae,Kareius,Kareius bicoloratus
Carangaria,Pleuronectiformes,Pleuronectoidei,Pleuronectidae,Lepidopsetta,Lepidopsetta bilineata
Carangaria,Pleuronectiformes,Pleuronectoidei,Pleuronectidae,Lepidopsetta,Lepidopsetta mochigarei
Carangaria,Pleuronectiformes,Pleuronectoidei,Pleuronectidae,Lepidopsetta,Lepidopsetta polyxystra
Carangaria,Pleuronectiformes,Pleuronectoidei,Pleuronectidae,Limanda,Limanda aspera
Carangaria,Pleuronectiformes,Pleuronectoidei,Pleuronectidae,Limanda,Limanda ferruginea
Carangaria,Pleuronectiformes,Pleuronectoidei,Pleuronectidae,Limanda,Limanda limanda
Carangaria,Pleuronectiformes,Pleuronectoidei,Pleuronectidae,Limanda,Limanda proboscidea
Carangaria,Pleuronectiformes,Pleuronectoidei,Pleuronectidae,Limanda,Limanda punctatissima
Carangaria,Pleuronectiformes,Pleuronectoidei,Pleuronectidae,Limanda,Limanda sakhalinensis
Carangaria,Pleuronectiformes,Pleuronectoidei,Pleuronectidae,Liopsetta,Liopsetta glacialis
Carangaria,Pleuronectiformes,Pleuronectoidei,Pleuronectidae,Liopsetta,Liopsetta pinnifasciata
Carangaria,Pleuronectiformes,Pleuronectoidei,Pleuronectidae,Lyopsetta,Lyopsetta exilis
Carangaria,Pleuronectiformes,Pleuronectoidei,Pleuronectidae,Marleyella,Marleyella bicolorata
Carangaria,Pleuronectiformes,Pleuronectoidei,Pleuronectidae,Marleyella,Marleyella maldivensis
Carangaria,Pleuronectiformes,Pleuronectoidei,Pleuronectidae,Microstomus,Microstomus achne
Carangaria,Pleuronectiformes,Pleuronectoidei,Pleuronectidae,Microstomus,Microstomus kitt
Carangaria,Pleuronectiformes,Pleuronectoidei,Pleuronectidae,Microstomus,Microstomus pacificus
Carangaria,Pleuronectiformes,Pleuronectoidei,Pleuronectidae,Microstomus,Microstomus shuntovi
Carangaria,Pleuronectiformes,Pleuronectoidei,Pleuronectidae,Nematops,Nematops grandisquamus
Carangaria,Pleuronectiformes,Pleuronectoidei,Pleuronectidae,Nematops,Nematops macrochirus
Carangaria,Pleuronectiformes,Pleuronectoidei,Pleuronectidae,Nematops,Nematops microstoma
Carangaria,Pleuronectiformes,Pleuronectoidei,Pleuronectidae,Nematops,Nematops nanosquama
Carangaria,Pleuronectiformes,Pleuronectoidei,Pleuronectidae,Parophrys,Parophrys vetulus
Carangaria,Pleuronectiformes,Pleuronectoidei,Pleuronectidae,Pelotretis,Pelotretis flavilatus
Carangaria,Pleuronectiformes,Pleuronectoidei,Pleuronectidae,Peltorhamphus,Peltorhamphus latus
Carangaria,Pleuronectiformes,Pleuronectoidei,Pleuronectidae,Peltorhamphus,Peltorhamphus novaezeelandiae
Carangaria,Pleuronectiformes,Pleuronectoidei,Pleuronectidae,Peltorhamphus,Peltorhamphus tenuis
Carangaria,Pleuronectiformes,Pleuronectoidei,Pleuronectidae,Platichthys,Platichthys flesus
Carangaria,Pleuronectiformes,Pleuronectoidei,Pleuronectidae,Platichthys,Platichthys stellatus
Carangaria,Pleuronectiformes,Pleuronectoidei,Pleuronectidae,Pleuronectes,Pleuronectes platessa
Carangaria,Pleuronectiformes,Pleuronectoidei,Pleuronectidae,Pleuronectes,Pleuronectes putnami
Carangaria,Pleuronectiformes,Pleuronectoidei,Pleuronectidae,Pleuronectes,Pleuronectes quadrituberculatus
Carangaria,Pleuronectiformes,Pleuronectoidei,Pleuronectidae,Pleuronichthys,Pleuronichthys coenosus
Carangaria,Pleuronectiformes,Pleuronectoidei,Pleuronectidae,Pleuronichthys,Pleuronichthys cornutus
Carangaria,Pleuronectiformes,Pleuronectoidei,Pleuronectidae,Pleuronichthys,Pleuronichthys decurrens
Carangaria,Pleuronectiformes,Pleuronectoidei,Pleuronectidae,Pleuronichthys,Pleuronichthys japonicus
Carangaria,Pleuronectiformes,Pleuronectoidei,Pleuronectidae,Pleuronichthys,Pleuronichthys ocellatus
Carangaria,Pleuronectiformes,Pleuronectoidei,Pleuronectidae,Pleuronichthys,Pleuronichthys ritteri
Carangaria,Pleuronectiformes,Pleuronectoidei,Pleuronectidae,Pleuronichthys,Pleuronichthys verticalis
Carangaria,Pleuronectiformes,Pleuronectoidei,Pleuronectidae,Psammodiscus,Psammodiscus ocellatus
Carangaria,Pleuronectiformes,Pleuronectoidei,Pleuronectidae,Psettichthys,Psettichthys melanostictus
Carangaria,Pleuronectiformes,Pleuronectoidei,Pleuronectidae,Pseudopleuronectes,Pseudopleuronectes americanus
Carangaria,Pleuronectiformes,Pleuronectoidei,Pleuronectidae,Pseudopleuronectes,Pseudopleuronectes herzensteini
Carangaria,Pleuronectiformes,Pleuronectoidei,Pleuronectidae,Pseudopleuronectes,Pseudopleuronectes obscurus
Carangaria,Pleuronectiformes,Pleuronectoidei,Pleuronectidae,Pseudopleuronectes,Pseudopleuronectes schrenki
Carangaria,Pleuronectiformes,Pleuronectoidei,Pleuronectidae,Pseudopleuronectes,Pseudopleuronectes yokohamae
Carangaria,Pleuronectiformes,Pleuronectoidei,Pleuronectidae,Reinhardtius,Reinhardtius hippoglossoides
Carangaria,Pleuronectiformes,Pleuronectoidei,Pleuronectidae,Tanakius,Tanakius kitaharae
Carangaria,Pleuronectiformes,Pleuronectoidei,Pleuronectidae,Taratretis,Taratretis derwentensis
Carangaria,Pleuronectiformes,Pleuronectoidei,Pleuronectidae,Verasper,Verasper moseri
Carangaria,Pleuronectiformes,Pleuronectoidei,Pleuronectidae,Verasper,Verasper variegatus
Carangaria,Pleuronectiformes,Pleuronectoidei,Poecilopsettidae,Poecilopsetta,Poecilopsetta albomaculata
Carangaria,Pleuronectiformes,Pleuronectoidei,Poecilopsettidae,Poecilopsetta,Poecilopsetta beanii
Carangaria,Pleuronectiformes,Pleuronectoidei,Poecilopsettidae,Poecilopsetta,Poecilopsetta colorata
Carangaria,Pleuronectiformes,Pleuronectoidei,Poecilopsettidae,Poecilopsetta,Poecilopsetta dorsialta
Carangaria,Pleuronectiformes,Pleuronectoidei,Poecilopsettidae,Poecilopsetta,Poecilopsetta hawaiiensis
Carangaria,Pleuronectiformes,Pleuronectoidei,Poecilopsettidae,Poecilopsetta,Poecilopsetta inermis
Carangaria,Pleuronectiformes,Pleuronectoidei,Poecilopsettidae,Poecilopsetta,Poecilopsetta macrocephala
Carangaria,Pleuronectiformes,Pleuronectoidei,Poecilopsettidae,Poecilopsetta,Poecilopsetta multiradiata
Carangaria,Pleuronectiformes,Pleuronectoidei,Poecilopsettidae,Poecilopsetta,Poecilopsetta natalensis
Carangaria,Pleuronectiformes,Pleuronectoidei,Poecilopsettidae,Poecilopsetta,Poecilopsetta normani
Carangaria,Pleuronectiformes,Pleuronectoidei,Poecilopsettidae,Poecilopsetta,Poecilopsetta pectoralis
Carangaria,Pleuronectiformes,Pleuronectoidei,Poecilopsettidae,Poecilopsetta,Poecilopsetta plinthus
Carangaria,Pleuronectiformes,Pleuronectoidei,Poecilopsettidae,Poecilopsetta,Poecilopsetta praelonga
Carangaria,Pleuronectiformes,Pleuronectoidei,Poecilopsettidae,Poecilopsetta,Poecilopsetta vaynei
Carangaria,Pleuronectiformes,Pleuronectoidei,Poecilopsettidae,Poecilopsetta,Poecilopsetta zanzibarensis
Carangaria,Pleuronectiformes,Pleuronectoidei,Rhombosoleidae,Achiropsetta,Achiropsetta tricholepis
Carangaria,Pleuronectiformes,Pleuronectoidei,Rhombosoleidae,Mancopsetta,Mancopsetta maculata
Carangaria,Pleuronectiformes,Pleuronectoidei,Rhombosoleidae,Neoachiropsetta,Neoachiropsetta milfordi
Carangaria,Pleuronectiformes,Pleuronectoidei,Rhombosoleidae,Oncopterus,Oncopterus darwinii
Carangaria,Pleuronectiformes,Pleuronectoidei,Rhombosoleidae,Pseudomancopsetta,Pseudomancopsetta andriashevi
Carangaria,Pleuronectiformes,Pleuronectoidei,Rhombosoleidae,Rhombosolea,Rhombosolea leporina
Carangaria,Pleuronectiformes,Pleuronectoidei,Rhombosoleidae,Rhombosolea,Rhombosolea plebeia
Carangaria,Pleuronectiformes,Pleuronectoidei,Rhombosoleidae,Rhombosolea,Rhombosolea retiaria
Carangaria,Pleuronectiformes,Pleuronectoidei,Rhombosoleidae,Rhombosolea,Rhombosolea tapirina
Carangaria,Pleuronectiformes,Pleuronectoidei,Samaridae,Plagiopsetta,Plagiopsetta glossa
Carangaria,Pleuronectiformes,Pleuronectoidei,Samaridae,Plagiopsetta,Plagiopsetta gracilis
Carangaria,Pleuronectiformes,Pleuronectoidei,Samaridae,Plagiopsetta,Plagiopsetta stigmosa
Carangaria,Pleuronectiformes,Pleuronectoidei,Samaridae,Samaris,Samaris chesterfieldensis
Carangaria,Pleuronectiformes,Pleuronectoidei,Samaridae,Samaris,Samaris costae
Carangaria,Pleuronectiformes,Pleuronectoidei,Samaridae,Samaris,Samaris cristatus
Carangaria,Pleuronectiformes,Pleuronectoidei,Samaridae,Samaris,Samaris macrolepis
Carangaria,Pleuronectiformes,Pleuronectoidei,Samaridae,Samaris,Samaris spinea
Carangaria,Pleuronectiformes,Pleuronectoidei,Samaridae,Samariscus,Samariscus asanoi
Carangaria,Pleuronectiformes,Pleuronectoidei,Samaridae,Samariscus,Samariscus corallinus
Carangaria,Pleuronectiformes,Pleuronectoidei,Samaridae,Samariscus,Samariscus desoutterae
Carangaria,Pleuronectiformes,Pleuronectoidei,Samaridae,Samariscus,Samariscus filipectoralis
Carangaria,Pleuronectiformes,Pleuronectoidei,Samaridae,Samariscus,Samariscus huysmani
Carangaria,Pleuronectiformes,Pleuronectoidei,Samaridae,Samariscus,Samariscus inornatus
Carangaria,Pleuronectiformes,Pleuronectoidei,Samaridae,Samariscus,Samariscus japonicus
Carangaria,Pleuronectiformes,Pleuronectoidei,Samaridae,Samariscus,Samariscus latus
Carangaria,Pleuronectiformes,Pleuronectoidei,Samaridae,Samariscus,Samariscus leopardus
Carangaria,Pleuronectiformes,Pleuronectoidei,Samaridae,Samariscus,Samariscus longimanus
Carangaria,Pleuronectiformes,Pleuronectoidei,Samaridae,Samariscus,Samariscus luzonensis
Carangaria,Pleuronectiformes,Pleuronectoidei,Samaridae,Samariscus,Samariscus macrognathus
Carangaria,Pleuronectiformes,Pleuronectoidei,Samaridae,Samariscus,Samariscus maculatus
Carangaria,Pleuronectiformes,Pleuronectoidei,Samaridae,Samariscus,Samariscus multiradiatus
Carangaria,Pleuronectiformes,Pleuronectoidei,Samaridae,Samariscus,Samariscus neocaledonia
Carangaria,Pleuronectiformes,Pleuronectoidei,Samaridae,Samariscus,Samariscus nielseni
Carangaria,Pleuronectiformes,Pleuronectoidei,Samaridae,Samariscus,Samariscus sunieri
Carangaria,Pleuronectiformes,Pleuronectoidei,Samaridae,Samariscus,Samariscus triocellatus
Carangaria,Pleuronectiformes,Pleuronectoidei,Samaridae,Samariscus,Samariscus xenicus
Carangaria,Pleuronectiformes,Pleuronectoidei,Scophthalmidae,Lepidorhombus,Lepidorhombus boscii
Carangaria,Pleuronectiformes,Pleuronectoidei,Scophthalmidae,Lepidorhombus,Lepidorhombus whiffiagonis
Carangaria,Pleuronectiformes,Pleuronectoidei,Scophthalmidae,Phrynorhombus,Phrynorhombus norvegicus
Carangaria,Pleuronectiformes,Pleuronectoidei,Scophthalmidae,Scophthalmus,Scophthalmus aquosus
Carangaria,Pleuronectiformes,Pleuronectoidei,Scophthalmidae,Scophthalmus,Scophthalmus maeoticus
Carangaria,Pleuronectiformes,Pleuronectoidei,Scophthalmidae,Scophthalmus,Scophthalmus maximus
Carangaria,Pleuronectiformes,Pleuronectoidei,Scophthalmidae,Scophthalmus,Scophthalmus rhombus
Carangaria,Pleuronectiformes,Pleuronectoidei,Scophthalmidae,Zeugopterus,Zeugopterus punctatus
Carangaria,Pleuronectiformes,Pleuronectoidei,Scophthalmidae,Zeugopterus,Zeugopterus regius
Carangaria,Pleuronectiformes,Pleuronectoidei,Soleidae,Achiroides,Achiroides leucorhynchos
Carangaria,Pleuronectiformes,Pleuronectoidei,Soleidae,Achiroides,Achiroides melanorhynchus
Carangaria,Pleuronectiformes,Pleuronectoidei,Soleidae,Aesopia,Aesopia cornuta
Carangaria,Pleuronectiformes,Pleuronectoidei,Soleidae,Aseraggodes,Aseraggodes albidus
Carangaria,Pleuronectiformes,Pleuronectoidei,Soleidae,Aseraggodes,Aseraggodes auroculus
Carangaria,Pleuronectiformes,Pleuronectoidei,Soleidae,Aseraggodes,Aseraggodes bahamondei
Carangaria,Pleuronectiformes,Pleuronectoidei,Soleidae,Aseraggodes,Aseraggodes beauforti
Carangaria,Pleuronectiformes,Pleuronectoidei,Soleidae,Aseraggodes,Aseraggodes borehami
Carangaria,Pleuronectiformes,Pleuronectoidei,Soleidae,Aseraggodes,Aseraggodes brevirostris
Carangaria,Pleuronectiformes,Pleuronectoidei,Soleidae,Aseraggodes,Aseraggodes chapleaui
Carangaria,Pleuronectiformes,Pleuronectoidei,Soleidae,Aseraggodes,Aseraggodes cheni
Carangaria,Pleuronectiformes,Pleuronectoidei,Soleidae,Aseraggodes,Aseraggodes corymbus
Carangaria,Pleuronectiformes,Pleuronectoidei,Soleidae,Aseraggodes,Aseraggodes crypticus
Carangaria,Pleuronectiformes,Pleuronectoidei,Soleidae,Aseraggodes,Aseraggodes cyaneus
Carangaria,Pleuronectiformes,Pleuronectoidei,Soleidae,Aseraggodes,Aseraggodes cyclurus
Carangaria,Pleuronectiformes,Pleuronectoidei,Soleidae,Aseraggodes,Aseraggodes diringeri
Carangaria,Pleuronectiformes,Pleuronectoidei,Soleidae,Aseraggodes,Aseraggodes dubius
Carangaria,Pleuronectiformes,Pleuronectoidei,Soleidae,Aseraggodes,Aseraggodes filiger
Carangaria,Pleuronectiformes,Pleuronectoidei,Soleidae,Aseraggodes,Aseraggodes firmisquamis
Carangaria,Pleuronectiformes,Pleuronectoidei,Soleidae,Aseraggodes,Aseraggodes guttulatus
Carangaria,Pleuronectiformes,Pleuronectoidei,Soleidae,Aseraggodes,Aseraggodes haackeanus
Carangaria,Pleuronectiformes,Pleuronectoidei,Soleidae,Aseraggodes,Aseraggodes heemstrai
Carangaria,Pleuronectiformes,Pleuronectoidei,Soleidae,Aseraggodes,Aseraggodes heraldi
Carangaria,Pleuronectiformes,Pleuronectoidei,Soleidae,Aseraggodes,Aseraggodes herrei
Carangaria,Pleuronectiformes,Pleuronectoidei,Soleidae,Aseraggodes,Aseraggodes holcomi
Carangaria,Pleuronectiformes,Pleuronectoidei,Soleidae,Aseraggodes,Aseraggodes jenny
Carangaria,Pleuronectiformes,Pleuronectoidei,Soleidae,Aseraggodes,Aseraggodes kaianus
Carangaria,Pleuronectiformes,Pleuronectoidei,Soleidae,Aseraggodes,Aseraggodes kimurai
Carangaria,Pleuronectiformes,Pleuronectoidei,Soleidae,Aseraggodes,Aseraggodes kobensis
Carangaria,Pleuronectiformes,Pleuronectoidei,Soleidae,Aseraggodes,Aseraggodes lateralis
Carangaria,Pleuronectiformes,Pleuronectoidei,Soleidae,Aseraggodes,Aseraggodes lenisquamis
Carangaria,Pleuronectiformes,Pleuronectoidei,Soleidae,Aseraggodes,Aseraggodes longipinnis
Carangaria,Pleuronectiformes,Pleuronectoidei,Soleidae,Aseraggodes,Aseraggodes magnoculus
Carangaria,Pleuronectiformes,Pleuronectoidei,Soleidae,Aseraggodes,Aseraggodes matsuurai
Carangaria,Pleuronectiformes,Pleuronectoidei,Soleidae,Aseraggodes,Aseraggodes melanostictus
Carangaria,Pleuronectiformes,Pleuronectoidei,Soleidae,Aseraggodes,Aseraggodes microlepidotus
Carangaria,Pleuronectiformes,Pleuronectoidei,Soleidae,Aseraggodes,Aseraggodes nigrocirratus
Carangaria,Pleuronectiformes,Pleuronectoidei,Soleidae,Aseraggodes,Aseraggodes normani
Carangaria,Pleuronectiformes,Pleuronectoidei,Soleidae,Aseraggodes,Aseraggodes orientalis
Carangaria,Pleuronectiformes,Pleuronectoidei,Soleidae,Aseraggodes,Aseraggodes pelvicus
Carangaria,Pleuronectiformes,Pleuronectoidei,Soleidae,Aseraggodes,Aseraggodes ramsaii
Carangaria,Pleuronectiformes,Pleuronectoidei,Soleidae,Aseraggodes,Aseraggodes satapoomini
Carangaria,Pleuronectiformes,Pleuronectoidei,Soleidae,Aseraggodes,Aseraggodes senoui
Carangaria,Pleuronectiformes,Pleuronectoidei,Soleidae,Aseraggodes,Aseraggodes sinusarabici
Carangaria,Pleuronectiformes,Pleuronectoidei,Soleidae,Aseraggodes,Aseraggodes steinitzi
Carangaria,Pleuronectiformes,Pleuronectoidei,Soleidae,Aseraggodes,Aseraggodes suzumotoi
Carangaria,Pleuronectiformes,Pleuronectoidei,Soleidae,Aseraggodes,Aseraggodes texturatus
Carangaria,Pleuronectiformes,Pleuronectoidei,Soleidae,Aseraggodes,Aseraggodes therese
Carangaria,Pleuronectiformes,Pleuronectoidei,Soleidae,Aseraggodes,Aseraggodes umbratilis
Carangaria,Pleuronectiformes,Pleuronectoidei,Soleidae,Aseraggodes,Aseraggodes whitakeri
Carangaria,Pleuronectiformes,Pleuronectoidei,Soleidae,Aseraggodes,Aseraggodes winterbottomi
Carangaria,Pleuronectiformes,Pleuronectoidei,Soleidae,Aseraggodes,Aseraggodes xenicus
Carangaria,Pleuronectiformes,Pleuronectoidei,Soleidae,Aseraggodes,Aseraggodes zizette
Carangaria,Pleuronectiformes,Pleuronectoidei,Soleidae,Austroglossus,Austroglossus microlepis
Carangaria,Pleuronectiformes,Pleuronectoidei,Soleidae,Austroglossus,Austroglossus pectoralis
Carangaria,Pleuronectiformes,Pleuronectoidei,Soleidae,Barnardichthys,Barnardichthys fulvomarginata
Carangaria,Pleuronectiformes,Pleuronectoidei,Soleidae,Bathysolea,Bathysolea lactea
Carangaria,Pleuronectiformes,Pleuronectoidei,Soleidae,Bathysolea,Bathysolea lagarderae
Carangaria,Pleuronectiformes,Pleuronectoidei,Soleidae,Bathysolea,Bathysolea polli
Carangaria,Pleuronectiformes,Pleuronectoidei,Soleidae,Bathysolea,Bathysolea profundicola
Carangaria,Pleuronectiformes,Pleuronectoidei,Soleidae,Brachirus,Brachirus aenea
Carangaria,Pleuronectiformes,Pleuronectoidei,Soleidae,Brachirus,Brachirus annularis
Carangaria,Pleuronectiformes,Pleuronectoidei,Soleidae,Brachirus,Brachirus aspilos
Carangaria,Pleuronectiformes,Pleuronectoidei,Soleidae,Brachirus,Brachirus dicholepis
Carangaria,Pleuronectiformes,Pleuronectoidei,Soleidae,Brachirus,Brachirus elongatus
Carangaria,Pleuronectiformes,Pleuronectoidei,Soleidae,Brachirus,Brachirus harmandi
Carangaria,Pleuronectiformes,Pleuronectoidei,Soleidae,Brachirus,Brachirus heterolepis
Carangaria,Pleuronectiformes,Pleuronectoidei,Soleidae,Brachirus,Brachirus macrolepis
Carangaria,Pleuronectiformes,Pleuronectoidei,Soleidae,Brachirus,Brachirus muelleri
Carangaria,Pleuronectiformes,Pleuronectoidei,Soleidae,Brachirus,Brachirus niger
Carangaria,Pleuronectiformes,Pleuronectoidei,Soleidae,Brachirus,Brachirus orientalis
Carangaria,Pleuronectiformes,Pleuronectoidei,Soleidae,Brachirus,Brachirus pan
Carangaria,Pleuronectiformes,Pleuronectoidei,Soleidae,Brachirus,Brachirus panoides
Carangaria,Pleuronectiformes,Pleuronectoidei,Soleidae,Brachirus,Brachirus selheimi
Carangaria,Pleuronectiformes,Pleuronectoidei,Soleidae,Brachirus,Brachirus siamensis
Carangaria,Pleuronectiformes,Pleuronectoidei,Soleidae,Brachirus,Brachirus sorsogonensis
Carangaria,Pleuronectiformes,Pleuronectoidei,Soleidae,Brachirus,Brachirus swinhonis
Carangaria,Pleuronectiformes,Pleuronectoidei,Soleidae,Brachirus,Brachirus villosus
Carangaria,Pleuronectiformes,Pleuronectoidei,Soleidae,Buglossidium,Buglossidium luteum
Carangaria,Pleuronectiformes,Pleuronectoidei,Soleidae,Dagetichthys,Dagetichthys lakdoensis
Carangaria,Pleuronectiformes,Pleuronectoidei,Soleidae,Dicologlossa,Dicologlossa cuneata
Carangaria,Pleuronectiformes,Pleuronectoidei,Soleidae,Dicologlossa,Dicologlossa hexophthalma
Carangaria,Pleuronectiformes,Pleuronectoidei,Soleidae,Heteromycteris,Heteromycteris capensis
Carangaria,Pleuronectiformes,Pleuronectoidei,Soleidae,Heteromycteris,Heteromycteris hartzfeldii
Carangaria,Pleuronectiformes,Pleuronectoidei,Soleidae,Heteromycteris,Heteromycteris japonicus
Carangaria,Pleuronectiformes,Pleuronectoidei,Soleidae,Heteromycteris,Heteromycteris matsubarai
Carangaria,Pleuronectiformes,Pleuronectoidei,Soleidae,Heteromycteris,Heteromycteris oculus
Carangaria,Pleuronectiformes,Pleuronectoidei,Soleidae,Heteromycteris,Heteromycteris proboscideus
Carangaria,Pleuronectiformes,Pleuronectoidei,Soleidae,Leptachirus,Leptachirus alleni
Carangaria,Pleuronectiformes,Pleuronectoidei,Soleidae,Leptachirus,Leptachirus bensbach
Carangaria,Pleuronectiformes,Pleuronectoidei,Soleidae,Leptachirus,Leptachirus darwinensis
Carangaria,Pleuronectiformes,Pleuronectoidei,Soleidae,Leptachirus,Leptachirus kikori
Carangaria,Pleuronectiformes,Pleuronectoidei,Soleidae,Leptachirus,Leptachirus klunzingeri
Carangaria,Pleuronectiformes,Pleuronectoidei,Soleidae,Leptachirus,Leptachirus lorentz
Carangaria,Pleuronectiformes,Pleuronectoidei,Soleidae,Leptachirus,Leptachirus polylepis
Carangaria,Pleuronectiformes,Pleuronectoidei,Soleidae,Leptachirus,Leptachirus robertsi
Carangaria,Pleuronectiformes,Pleuronectoidei,Soleidae,Leptachirus,Leptachirus triramus
Carangaria,Pleuronectiformes,Pleuronectoidei,Soleidae,Liachirus,Liachirus melanospilos
Carangaria,Pleuronectiformes,Pleuronectoidei,Soleidae,Liachirus,Liachirus whitleyi
Carangaria,Pleuronectiformes,Pleuronectoidei,Soleidae,Microchirus,Microchirus azevia
Carangaria,Pleuronectiformes,Pleuronectoidei,Soleidae,Microchirus,Microchirus boscanion
Carangaria,Pleuronectiformes,Pleuronectoidei,Soleidae,Microchirus,Microchirus frechkopi
Carangaria,Pleuronectiformes,Pleuronectoidei,Soleidae,Microchirus,Microchirus ocellatus
Carangaria,Pleuronectiformes,Pleuronectoidei,Soleidae,Microchirus,Microchirus theophila
Carangaria,Pleuronectiformes,Pleuronectoidei,Soleidae,Microchirus,Microchirus variegatus
Carangaria,Pleuronectiformes,Pleuronectoidei,Soleidae,Microchirus,Microchirus wittei
Carangaria,Pleuronectiformes,Pleuronectoidei,Soleidae,Monochirus,Monochirus hispidus
Carangaria,Pleuronectiformes,Pleuronectoidei,Soleidae,Monochirus,Monochirus trichodactylus
Carangaria,Pleuronectiformes,Pleuronectoidei,Soleidae,Paradicula,Paradicula setifer
Carangaria,Pleuronectiformes,Pleuronectoidei,Soleidae,Pardachirus,Pardachirus balius
Carangaria,Pleuronectiformes,Pleuronectoidei,Soleidae,Pardachirus,Pardachirus hedleyi
Carangaria,Pleuronectiformes,Pleuronectoidei,Soleidae,Pardachirus,Pardachirus marmoratus
Carangaria,Pleuronectiformes,Pleuronectoidei,Soleidae,Pardachirus,Pardachirus morrowi
Carangaria,Pleuronectiformes,Pleuronectoidei,Soleidae,Pardachirus,Pardachirus pavoninus
Carangaria,Pleuronectiformes,Pleuronectoidei,Soleidae,Pardachirus,Pardachirus poropterus
Carangaria,Pleuronectiformes,Pleuronectoidei,Soleidae,Pegusa,Pegusa cadenati
Carangaria,Pleuronectiformes,Pleuronectoidei,Soleidae,Pegusa,Pegusa impar
Carangaria,Pleuronectiformes,Pleuronectoidei,Soleidae,Pegusa,Pegusa lascaris
Carangaria,Pleuronectiformes,Pleuronectoidei,Soleidae,Pegusa,Pegusa nasuta
Carangaria,Pleuronectiformes,Pleuronectoidei,Soleidae,Pegusa,Pegusa triophthalma
Carangaria,Pleuronectiformes,Pleuronectoidei,Soleidae,Phyllichthys,Phyllichthys punctatus
Carangaria,Pleuronectiformes,Pleuronectoidei,Soleidae,Phyllichthys,Phyllichthys sclerolepis
Carangaria,Pleuronectiformes,Pleuronectoidei,Soleidae,Phyllichthys,Phyllichthys sejunctus
Carangaria,Pleuronectiformes,Pleuronectoidei,Soleidae,Pseudaesopia,Pseudaesopia japonica
Carangaria,Pleuronectiformes,Pleuronectoidei,Soleidae,Rendahlia,Rendahlia jaubertensis
Carangaria,Pleuronectiformes,Pleuronectoidei,Soleidae,Rhinosolea,Rhinosolea microlepidota
Carangaria,Pleuronectiformes,Pleuronectoidei,Soleidae,Solea,Solea aegyptiaca
Carangaria,Pleuronectiformes,Pleuronectoidei,Soleidae,Solea,Solea capensis
Carangaria,Pleuronectiformes,Pleuronectoidei,Soleidae,Solea,Solea elongata
Carangaria,Pleuronectiformes,Pleuronectoidei,Soleidae,Solea,Solea heinii
Carangaria,Pleuronectiformes,Pleuronectoidei,Soleidae,Solea,Solea ovata
Carangaria,Pleuronectiformes,Pleuronectoidei,Soleidae,Solea,Solea senegalensis
Carangaria,Pleuronectiformes,Pleuronectoidei,Soleidae,Solea,Solea solea
Carangaria,Pleuronectiformes,Pleuronectoidei,Soleidae,Solea,Solea stanalandi
Carangaria,Pleuronectiformes,Pleuronectoidei,Soleidae,Solea,Solea turbynei
Carangaria,Pleuronectiformes,Pleuronectoidei,Soleidae,Soleichthys,Soleichthys dori
Carangaria,Pleuronectiformes,Pleuronectoidei,Soleidae,Soleichthys,Soleichthys heterorhinos
Carangaria,Pleuronectiformes,Pleuronectoidei,Soleidae,Soleichthys,Soleichthys maculosus
Carangaria,Pleuronectiformes,Pleuronectoidei,Soleidae,Soleichthys,Soleichthys microcephalus
Carangaria,Pleuronectiformes,Pleuronectoidei,Soleidae,Soleichthys,Soleichthys oculofasciatus
Carangaria,Pleuronectiformes,Pleuronectoidei,Soleidae,Soleichthys,Soleichthys serpenpellis
Carangaria,Pleuronectiformes,Pleuronectoidei,Soleidae,Soleichthys,Soleichthys siammakuti
Carangaria,Pleuronectiformes,Pleuronectoidei,Soleidae,Soleichthys,Soleichthys tubiferus
Carangaria,Pleuronectiformes,Pleuronectoidei,Soleidae,Synaptura,Synaptura albomaculata
Carangaria,Pleuronectiformes,Pleuronectoidei,Soleidae,Synaptura,Synaptura cadenati
Carangaria,Pleuronectiformes,Pleuronectoidei,Soleidae,Synaptura,Synaptura commersonnii
Carangaria,Pleuronectiformes,Pleuronectoidei,Soleidae,Synaptura,Synaptura lusitanica lusitanica
Carangaria,Pleuronectiformes,Pleuronectoidei,Soleidae,Synaptura,Synaptura lusitanica nigromaculata
Carangaria,Pleuronectiformes,Pleuronectoidei,Soleidae,Synaptura,Synaptura marginata
Carangaria,Pleuronectiformes,Pleuronectoidei,Soleidae,Synaptura,Synaptura megalepidoura
Carangaria,Pleuronectiformes,Pleuronectoidei,Soleidae,Synaptura,Synaptura salinarum
Carangaria,Pleuronectiformes,Pleuronectoidei,Soleidae,Synapturichthys,Synapturichthys kleinii
Carangaria,Pleuronectiformes,Pleuronectoidei,Soleidae,Synclidopus,Synclidopus hogani
Carangaria,Pleuronectiformes,Pleuronectoidei,Soleidae,Synclidopus,Synclidopus macleayanus
Carangaria,Pleuronectiformes,Pleuronectoidei,Soleidae,Typhlachirus,Typhlachirus caecus
Carangaria,Pleuronectiformes,Pleuronectoidei,Soleidae,Vanstraelenia,Vanstraelenia chirophthalma
Carangaria,Pleuronectiformes,Pleuronectoidei,Soleidae,Zebrias,Zebrias altipinnis
Carangaria,Pleuronectiformes,Pleuronectoidei,Soleidae,Zebrias,Zebrias annandalei
Carangaria,Pleuronectiformes,Pleuronectoidei,Soleidae,Zebrias,Zebrias cancellatus
Carangaria,Pleuronectiformes,Pleuronectoidei,Soleidae,Zebrias,Zebrias captivus
Carangaria,Pleuronectiformes,Pleuronectoidei,Soleidae,Zebrias,Zebrias craticula
Carangaria,Pleuronectiformes,Pleuronectoidei,Soleidae,Zebrias,Zebrias crossolepis
Carangaria,Pleuronectiformes,Pleuronectoidei,Soleidae,Zebrias,Zebrias fasciatus
Carangaria,Pleuronectiformes,Pleuronectoidei,Soleidae,Zebrias,Zebrias keralensis
Carangaria,Pleuronectiformes,Pleuronectoidei,Soleidae,Zebrias,Zebrias lucapensis
Carangaria,Pleuronectiformes,Pleuronectoidei,Soleidae,Zebrias,Zebrias maculosus
Carangaria,Pleuronectiformes,Pleuronectoidei,Soleidae,Zebrias,Zebrias munroi
Carangaria,Pleuronectiformes,Pleuronectoidei,Soleidae,Zebrias,Zebrias penescalaris
Carangaria,Pleuronectiformes,Pleuronectoidei,Soleidae,Zebrias,Zebrias quagga
Carangaria,Pleuronectiformes,Pleuronectoidei,Soleidae,Zebrias,Zebrias regani
Carangaria,Pleuronectiformes,Pleuronectoidei,Soleidae,Zebrias,Zebrias scalaris
Carangaria,Pleuronectiformes,Pleuronectoidei,Soleidae,Zebrias,Zebrias synapturoides
Carangaria,Pleuronectiformes,Pleuronectoidei,Soleidae,Zebrias,Zebrias zebra
Carangaria,Pleuronectiformes,Pleuronectoidei,Soleidae,Zebrias,Zebrias zebrinus
Carangaria,Pleuronectiformes,Psettodoidei,Psettodidae,Psettodes,Psettodes belcheri
Carangaria,Pleuronectiformes,Psettodoidei,Psettodidae,Psettodes,Psettodes bennettii
Carangaria,Pleuronectiformes,Psettodoidei,Psettodidae,Psettodes,Psettodes erumei